"OCC_CODE","OCC_TITLE","fine_arts","finger_dexterity","manual_dexterity","social_perceptiveness","Negotiation","Originality","Persuasion","assisting_and_caring","cramped_work_space","label_ML","probability_ML"
"11-1011","Chief Executives",0.29,2.13,0,4.38,4.5,4.5,5,2.42,1.47,0,0.015
"11-1021","General and Operations Managers",0.06,2.75,2.25,3.62,3.5,3.25,3.5,3.6,1.32,NA,0.16
"11-2011","Advertising and Promotions Managers",3.51,1.75,0.62,3.75,3.75,3.75,3.62,1.91,1.53,NA,0.039
"11-2021","Marketing Managers",1.52,1.75,0,4.12,4,4,4.25,2.44,1.21,NA,0.014
"11-2022","Sales Managers",0.5,2.12,1.62,4.25,3.88,4.12,4.25,2.3,1.33,NA,0.013
"11-2031","Public Relations and Fundraising Managers",0.97,2.62,0,4.12,4,3.75,4.38,2.86,1.14,NA,0.015
"11-3011","Administrative Services Managers",0.37,2.62,1.5,3.62,3.38,2.88,3.25,3.12,1.48,NA,0.73
"11-3021","Computer and Information Systems Managers",0.27,2.75,2.38,3.5,3.38,3.5,3.38,3.06,1.55,NA,0.035
"11-3031","Financial Managers",0.29,2.25,0,3.75,3.25,3.565,3.875,2.415,1.2,NA,0.069
"11-3051","Industrial Production Managers",0.08,2.7175,2.25,3.685,3.4075,3.5325,3.5025,2.94,1.84,NA,0.03
"11-3061","Purchasing Managers",0.42,2.38,0,4.12,4.38,3.62,4.38,2.88,1.08,NA,0.03
"11-3071","Transportation, Storage, and Distribution Managers",0.186666666666667,1.79,0.626666666666667,3.75,3.54,3.12666666666667,3.45666666666667,2.53333333333333,1.28666666666667,0,0.59
"11-3111","Compensation and Benefits Managers",0,1.38,0,3.5,3.12,2.75,3.12,2.38,1,NA,0.96
"11-3121","Human Resources Managers",0.41,2.38,0,4.12,4,3.88,4.12,3.9,1.09,NA,0.0055
"11-3131","Training and Development Managers",1.46,2.38,1,3.88,3.25,4.12,4.12,3.21,1.38,NA,0.0063
"11-9013","Farmers, Ranchers, and Other Agricultural Managers",0.095,2.755,2.63,3.44,3.12,3.38,3.185,3.195,2.355,NA,0.047
"11-9021","Construction Managers",0.31,2.38,0.12,3.88,4,3.5,4.12,2.16,2.31,NA,0.071
"11-9031","Education Administrators, Preschool and Childcare Center/Program",0.82,2.12,0.38,3.62,3.5,3.5,3.25,4.16,1.14,NA,NA
"11-9032","Education Administrators, Elementary and Secondary School",2.64,1.88,0.12,4.12,3.75,4,4,4.05,1.18,NA,0.0046
"11-9033","Education Administrators, Postsecondary",0.37,1.88,0.38,3.88,3.75,3.88,3.75,3.06,1.08,NA,0.01
"11-9041","Architectural and Engineering Managers",0.77,2.5,1.62,3.75,4,4.12,3.88,2.13,1.28,NA,0.017
"11-9051","Food Service Managers",0.91,2.75,2.88,3.75,3.62,3.25,3.38,3.69,2,NA,0.083
"11-9071","Gaming Managers",0.21,2,1.13,3.62,3.62,3.25,3.88,3.81,1.76,NA,0.091
"11-9081","Lodging Managers",1.01,2.25,2,3.88,3.75,3.5,3.75,4.95,2.25,NA,0.0039
"11-9111","Medical and Health Services Managers",0.69,1.62,0,4,3.5,3.5,3.5,4.39,1.66,NA,0.0073
"11-9121","Natural Sciences Managers",0.193333333333333,2.38,0,3.71,3.29,3.67,3.5,2.81666666666667,1.69,NA,NA
"11-9131","Postmasters and Mail Superintendents",0.09,2.25,0,3.38,3.25,2.88,3.5,3.2,1.22,NA,0.75
"11-9141","Property, Real Estate, and Community Association Managers",0.06,0.5,0,3.25,3.75,2.88,3.5,2.93,1.19,NA,0.81
"11-9151","Social and Community Service Managers",1.22,2.25,0,4.75,3.75,4.12,3.88,5.51,1.6,0,0.0067
"11-9161","Emergency Management Directors",0.3,1.88,1.62,4,3.5,4,3.88,4.52,2.11,NA,0.003
"11-9199","Managers, All Other",0.1175,2.1875,0.6875,3.7175,3.47,3.2825,3.625,2.635,1.51,NA,0.25
"13-1011","Agents and Business Managers of Artists, Performers, and Athletes",3.75,1.88,1,3.25,4,3.25,4.12,3.33,1.01,NA,0.24
"13-1021","Buyers and Purchasing Agents, Farm Products",0.31,1.88,1.63,3.12,3.5,3,3.88,1.49,1.47,NA,0.87
"13-1022","Wholesale and Retail Buyers, Except Farm Products",0.02,2.12,1.25,3.62,3.88,3.38,4,2.11,1.26,NA,0.29
"13-1023","Purchasing Agents, Except Wholesale, Retail, and Farm Products",0.8,1.25,0.88,3.62,3.88,3,3.88,2.25,1.43,NA,0.77
"13-1031","Claims Adjusters, Examiners, and Investigators",0.175,2.315,1.185,3.25,3.685,2.5,3.19,2.32,1.36,1,0.98
"13-1032","Insurance Appraisers, Auto Damage",0.46,1.38,0.75,3.25,3,2.25,3,1.22,1.86,NA,0.98
"13-1041","Compliance Officers",0.111666666666667,2.71,1.66833333333333,3.68333333333333,3.145,3.315,3.43833333333333,3.24833333333333,1.93333333333333,0,0.08
"13-1051","Cost Estimators",0.29,2.12,0.12,3.25,3.25,3.25,3.75,1.89,1.29,1,0.57
"13-1071","Human Resources Specialists",0.1,1.88,0,3.88,3.12,3.12,3.12,3.35,1.21,NA,NA
"13-1074","Farm Labor Contractors",0.38,1.5,2.5,3,3,2,2.88,2.8,1.2,1,0.97
"13-1081","Logisticians",0.71,2.54,0.58,3.33333333333333,3.08,3.92,3.37666666666667,2.51,1.59333333333333,NA,0.012
"13-1111","Management Analysts",0.17,1.5,0,3.62,3,3.38,3.38,2.82,1.53,NA,0.13
"13-1121","Meeting, Convention, and Event Planners",0.61,2.38,2.12,3.5,3.62,3.5,3.38,3.05,1.46,0,0.037
"13-1121","Meeting, Convention, and Event Planners*",0.61,2.38,2.12,3.5,3.62,3.5,3.38,3.05,1.46,0,0.037
"13-1141","Compensation, Benefits, and Job Analysis Specialists",0.15,2.5,1.25,3.88,3.25,3.38,3.5,1.55,1,NA,0.47
"13-1151","Training and Development Specialists",0.84,1.88,0,3.75,3.12,3.75,3.12,2.81,1.28,NA,0.014
"13-1161","Market Research Analysts and Marketing Specialists",0.33,2.25,0,3.38,2.75,3.25,3.38,1.83,1.12,1,0.61
"13-1161","Market Research Analysts and Marketing Specialists*",0.33,2.25,0,3.38,2.75,3.25,3.38,1.83,1.12,1,0.61
"13-1199","Business Operations Specialists, All Other",0.166666666666667,2.46,0.913333333333333,3.16666666666667,3.12666666666667,3.33333333333333,3.33333333333333,1.98666666666667,2.1,NA,0.23
"13-1199","Business Operations Specialists, All Other*",0.166666666666667,2.46,0.913333333333333,3.16666666666667,3.12666666666667,3.33333333333333,3.33333333333333,1.98666666666667,2.1,NA,0.23
"13-2011","Accountants and Auditors",0.225,2.37,0.625,3.125,3.065,2.87,3.185,1.675,1.425,1,0.94
"13-2021","Appraisers and Assessors of Real Estate",0.265,2.065,1.13,2.935,2.69,2.94,2.81,1.39,1.675,NA,0.9
"13-2031","Budget Analysts",0.18,1.88,0,2.88,2.62,2.88,2.62,1.98,1.05,NA,0.94
"13-2041","Credit Analysts",0.23,2.5,1.12,2.75,3.12,2.75,3.12,1.6,1,1,0.98
"13-2051","Financial Analysts",0.5,1.75,0,3,3.12,3.38,3.38,2.44,1.16,NA,0.23
"13-2052","Personal Financial Advisors",0.5,1.88,0,3.38,2.88,3,3.62,3.29,1,NA,0.58
"13-2053","Insurance Underwriters",0,2.12,0.88,3.12,2.75,2.62,2.62,1.19,1,1,0.99
"13-2061","Financial Examiners",0,1.75,0,3.75,3.25,3.5,3.38,1.8,1.4,NA,0.17
"13-2071","Credit Counselors",2.5,2.13,0,3.75,3.12,3.38,3.5,4.24,1.01,NA,0.04
"13-2072","Loan Officers",0.13,1.75,0.62,3,3.12,2.12,3.12,2.33,1.01,1,0.98
"13-2081","Tax Examiners and Collectors, and Revenue Agents",0.23,2.12,1,3,3,2.75,3.12,2.31,1.59,1,0.93
"13-2082","Tax Preparers",0.01,2.5,1.25,2.62,2.38,2.38,2.62,1.52,1.58,NA,0.99
"13-2099","Financial Specialists, All Other",0.305,2.125,0.125,3.13,3.13,3.38,3.44,1.955,1.29,NA,0.33
"15-1111","Computer and Information Research Scientists",0.46,3.12,1.5,3.25,2.88,4,3.75,2.23,1.42,NA,0.015
"15-1121","Computer Systems Analysts",0.565,2.94,1.75,3.375,3.13,4.065,3.56,3.1,1.43,NA,0.0065
"15-1122","Information Security Analysts",0.43,2.38,1.5,3.12,2.75,3.12,3,1.72,1.9,NA,NA
"15-1131","Computer Programmers",0,2,1.38,3,2.12,3.38,2.62,0.95,1.64,NA,0.48
"15-1132","Software Developers, Applications",0.05,3,1.5,3,3,3.88,3.38,1.78,1.26,NA,0.042
"15-1133","Software Developers, Systems Software",0.16,2.25,1.75,3.12,2.75,3.5,2.88,2.02,1.5,NA,0.13
"15-1134","Web Developers",1.9,3.12,1.75,3,2.75,3.5,3.38,1.72,1.32,NA,NA
"15-1141","Database Administrators",0.28,2.88,1.25,3.25,2.62,3.75,3,2.15,1.34,NA,0.03
"15-1142","Network and Computer Systems Administrators",0.11,3.25,2.38,3.25,3.38,3.62,3.25,2.27,2.55,NA,0.03
"15-1142","Network and Computer Systems Administrators*",0.11,3.25,2.38,3.25,3.38,3.62,3.25,2.27,2.55,NA,0.03
"15-1143","Computer Network Architects",0.2,3.19,2.19,2.94,3,3.56,3.19,2.27,2.07,NA,NA
"15-1199","Computer Occupations, All Other",1.00375,2.57875,1.4525,3.15625,2.74875,3.5175,3.095,1.67125,1.2425,NA,NA
"15-2011","Actuaries",0,2.12,0.25,3.38,3.12,3.62,3.75,1.12,1,NA,0.21
"15-2021","Mathematicians",0.33,2.12,0,2.62,2.25,5,2.88,1.75,1.17,NA,0.047
"15-2031","Operations Research Analysts",0.04,1.5,0,3,2.75,4,2.88,1.7,1.11,NA,0.035
"15-2041","Statisticians",0.0466666666666667,1.95666666666667,0.206666666666667,3.08,2.25,3.58,2.83333333333333,1.25666666666667,1.03333333333333,NA,0.22
"15-2091","Mathematical Technicians",0,2,1,0.33,0.83,2.6,1.66,1.16,1,NA,0.99
"17-1011","Architects, Except Landscape and Naval",3.68,2.88,1.62,3.62,3.88,4.38,3.88,2,1.52,NA,0.018
"17-1012","Landscape Architects",4.28,2.62,1.62,3.62,3.25,3.75,3.5,1.93,1.14,0,0.045
"17-1021","Cartographers and Photogrammetrists",0.44,3.12,2.38,2.88,2.62,3,2.75,1.39,1.44,NA,0.88
"17-1022","Surveyors",0.25,2.875,2.37,2.875,2.375,3.125,2.63,2.675,2.075,1,0.38
"17-2011","Aerospace Engineers",0.39,2.62,0.25,3.38,3.12,3.75,3.25,2.5,1.5,NA,0.017
"17-2021","Agricultural Engineers",0.38,2.62,0.25,3.12,3,3.25,3.38,1.79,1.79,NA,0.49
"17-2031","Biomedical Engineers",0,3.75,1.75,3.62,3.25,5,3.5,2.21,1.65,NA,0.037
"17-2041","Chemical Engineers",0.48,2.5,0.38,3.12,2.75,4.5,3.38,2.16,1.72,NA,0.017
"17-2051","Civil Engineers",0.275,2.19,0.25,3.25,3.12,4.065,3.5,1.925,1.51,0,0.019
"17-2061","Computer Hardware Engineers",0.13,2.75,1.88,3,2.5,3.5,3.12,1.61,1.23,NA,0.22
"17-2071","Electrical Engineers",0.04,2.75,2.12,3.38,2.5,3.5,2.88,2.2,1.63,0,0.1
"17-2072","Electronics Engineers, Except Computer",0.4,3.5,3,3.38,3,3.62,2.88,2.8,1.36,NA,0.025
"17-2081","Environmental Engineers",0.33,2.06,0,3.44,3.25,3.88,3.44,2.21,1.78,NA,0.018
"17-2111","Health and Safety Engineers, Except Mining Safety Engineers and Inspectors",0.266666666666667,2.29,0.21,3.21,2.79333333333333,3.67,3.21333333333333,2.29666666666667,2.1,NA,0.028
"17-2112","Industrial Engineers",0.285,2.25,0.25,3.25,2.815,3.69,3.25,2.325,1.75,NA,0.029
"17-2121","Marine Engineers and Naval Architects",0.255,2.69,1.19,3.06,3.125,4.065,3.56,2.3,2.46,NA,0.01
"17-2131","Materials Engineers",0.53,2.12,1.5,3.25,3,4.12,3.38,1.74,1.63,NA,0.021
"17-2141","Mechanical Engineers",0.12,2.62,0.25,3.12,3,4.25,3.5,2.5,1.58,NA,0.011
"17-2151","Mining and Geological Engineers, Including Mining Safety Engineers",0.23,2.12,0.25,3.12,3.12,4,3.25,1.54,1.76,NA,0.14
"17-2161","Nuclear Engineers",0,2.75,1.75,3.62,3.12,3.5,3.38,2.36,1.82,NA,0.07
"17-2171","Petroleum Engineers",0.04,2.38,0.38,3.62,3.5,3.62,3.12,1.2,1.43,NA,0.16
"17-2199","Engineers, All Other",0.2775,2.82875,1.4525,3.28,2.85875,3.98375,3.2825,2.11,1.96,NA,0.014
"17-3011","Architectural and Civil Drafters",1.225,2.87,1.935,2.88,2.625,3.25,2.44,1.805,1.3,NA,0.52
"17-3012","Electrical and Electronics Drafters",0.5,2.565,1.185,2.815,2.19,3.065,2.685,1.745,1.16,1,0.81
"17-3013","Mechanical Drafters",0.12,3.5,1.75,2.75,2,3.25,2.25,1.37,1.2,NA,0.68
"17-3021","Aerospace Engineering and Operations Technicians",0.14,3.13,2.75,2.88,2.5,3,2.5,2.54,2.59,NA,0.48
"17-3022","Civil Engineering Technicians",0.05,2.5,1.62,2.75,2.62,3,2.75,2.35,1.34,1,0.75
"17-3023","Electrical and Electronics Engineering Technicians",0.365,3.315,2.88,2.815,2.565,3,2.56,1.635,1.615,NA,0.84
"17-3024","Electro-Mechanical Technicians",0.235,4.065,3.56,2.88,2.25,2.75,2.565,1.485,2.865,NA,0.81
"17-3025","Environmental Engineering Technicians",0.1,2.88,2.88,3,2.75,3.25,2.88,2.25,2.62,NA,0.25
"17-3026","Industrial Engineering Technicians",0.05,2.12,1.25,3.25,2.88,3.62,3.5,2.71,1.26,NA,0.03
"17-3027","Mechanical Engineering Technicians",0.15,3.25,3.12,3.12,2.88,3.12,2.75,2.13,2.6,NA,0.38
"17-3029","Engineering Technicians, Except Drafters, All Other",0.27,3.20125,2.735,2.94,2.5775,3.23375,3.01375,2.42875,2.24625,NA,0.24
"17-3031","Surveying and Mapping Technicians",0.21,3.185,2.38,2.87,2.25,2.75,2.38,1.435,1.83,NA,0.96
"19-1011","Animal Scientists",0.25,1.88,0,3.5,3,3.5,3,2.44,1.9,NA,0.061
"19-1012","Food Scientists and Technologists",0.52,3,1.75,3.38,3.5,3.62,3.5,1.76,1.69,NA,0.077
"19-1013","Soil and Plant Scientists",0.28,2.5,1.88,3.12,2.25,4.5,3.5,1.92,1.68,NA,0.021
"19-1021","Biochemists and Biophysicists",0,2.88,2.38,3.5,2.38,4.62,3.25,1.77,1.59,NA,0.027
"19-1022","Microbiologists",0.32,4,3.12,3.38,2.5,4.5,2.75,3,1.55,NA,0.012
"19-1023","Zoologists and Wildlife Biologists",0.23,3,2,3.12,3.12,3.25,3,2.63,1.63,0,0.3
"19-1029","Biological Scientists, All Other",0.636666666666667,3.17,2.04666666666667,3.45666666666667,2.79333333333333,4.12333333333333,2.91666666666667,2.24333333333333,1.30333333333333,NA,0.015
"19-1031","Conservation Scientists",0.876666666666667,2.29333333333333,2.04333333333333,3.41666666666667,3.04333333333333,3.67,3.25,2.81333333333333,1.79333333333333,NA,0.016
"19-1032","Foresters",0.04,2,2.38,3.5,4,4.13,3.5,2.84,1.35,NA,0.0081
"19-1041","Epidemiologists",0.24,2.25,0,3.5,3.12,3.5,3.25,1.83,1.13,NA,0.2
"19-1042","Medical Scientists, Except Epidemiologists",0.03,2.62,1.62,3.38,2.88,3.88,3.38,3.52,1.67,NA,0.0045
"19-2011","Astronomers",0.09,2,0,3.25,2.75,4,2.75,1.39,1.41,NA,0.041
"19-2012","Physicists",0.09,2.5,0.38,3.25,2.88,5.5,3.75,1.83,1.73,0,0.1
"19-2021","Atmospheric and Space Scientists",0.11,0.88,0,3.12,2.88,3.12,3,1.75,1.5,NA,0.67
"19-2031","Chemists",0.23,3.38,2.88,2.88,2.5,3.5,2.75,2.12,1.75,NA,0.1
"19-2032","Materials Scientists",0.13,2.12,1.88,3,2.88,4,3.12,1.91,1.62,NA,0.021
"19-2041","Environmental Scientists and Specialists, Including Health",0.36,2.62,1.62,3.38,2.62,3.88,3.88,1.82,1.54,NA,0.033
"19-2042","Geoscientists, Except Hydrologists and Geographers",0.11,2.38,0,3.12,2.75,3.12,3,2,1.4,NA,0.63
"19-2043","Hydrologists",0.73,2.12,1.12,3.38,2.88,4,3.5,2.19,1.88,NA,0.014
"19-2099","Physical Scientists, All Other",0.08,2.88,2.25,3,2.75,3.38,3.12,1.35,1.5,NA,0.43
"19-3011","Economists",0.46,1.435,0.06,3.065,2.81,3.435,3.5,1.19,1.04,0,0.43
"19-3022","Survey Researchers",0,2.25,0.88,3.5,2.88,3.5,3.25,1.69,1.07,NA,0.23
"19-3031","Clinical, Counseling, and School Psychologists",0.443333333333333,1.58,0,5.16666666666667,3.5,3.70666666666667,3.87333333333333,5.72666666666667,1.19333333333333,NA,0.0047
"19-3032","Industrial-Organizational Psychologists",0.38,1.75,0,4.12,3.38,4,3.88,2.64,1.09,NA,0.012
"19-3039","Psychologists, All Other",0.65,2.12,1.5,5.25,3,3.88,3.62,5.35,1.21,NA,0.0043
"19-3041","Sociologists",0.41,1,0,4,2.88,3.88,3,1.55,1.11,NA,0.059
"19-3051","Urban and Regional Planners",0.78,2.38,0.12,3.5,3.25,3.62,3.88,1.5,1.27,NA,0.13
"19-3091","Anthropologists and Archeologists",1.9,2.31,1.375,3.5,2.815,4,3.06,2.635,2.17,NA,0.0077
"19-3092","Geographers",0.6,1.62,0,3.25,2.62,3.5,2.88,1.46,1.27,NA,0.25
"19-3093","Historians",0.52,0.63,1.25,3.38,2.12,2.88,3.25,1.03,3.38,NA,0.44
"19-3094","Political Scientists",0.45,1.25,0,3.88,2.5,3.75,2.88,2.09,1.13,NA,0.039
"19-3099","Social Scientists and Related Workers, All Other",0.47,2.25,0,3.25,3.25,3.75,3.5,2.1,1.06,NA,0.04
"19-4011","Agricultural and Food Science Technicians",0.185,3,2.5,2.94,2.565,2.565,2.435,1.8,1.88,NA,0.97
"19-4021","Biological Technicians",0.28,3.38,2.88,2.62,1.62,3.38,2.75,1.62,1.95,NA,0.3
"19-4031","Chemical Technicians",0.01,3.25,2.88,2.62,2.5,3,2.38,3.01,1.5,NA,0.57
"19-4041","Geological and Petroleum Technicians",0.42,2.815,1.94,2.75,2.13,2.755,2.37,2.225,1.835,NA,0.91
"19-4051","Nuclear Technicians",0.03,2.75,2.38,2.565,2.38,2.5,2.565,2.455,3.1,NA,0.85
"19-4061","Social Science Research Assistants",0.595,2.44,0.25,3.125,2.81,3.19,2.685,1.9,1.16,NA,0.65
"19-4091","Environmental Science and Protection Technicians, Including Health",0,2.75,2.62,3.25,2.88,2.88,3.12,1.95,2.62,NA,0.77
"19-4092","Forensic Science Technicians",0.2,3.38,2.62,3.62,2.62,3.75,3.38,2.73,2.36,NA,0.0095
"19-4093","Forest and Conservation Technicians",0.46,2.62,3,3.25,2.38,3,2.62,2.96,2.35,NA,0.42
"19-4099","Life, Physical, and Social Science Technicians, All Other",0.196666666666667,2.87666666666667,2.5,2.91666666666667,2.62333333333333,3.12666666666667,2.75,2.02,1.65666666666667,NA,0.61
"21-1011","Substance Abuse and Behavioral Disorder Counselors",0.77,1.12,0.5,4.88,3.25,3.25,3.75,5.12,1.35,0,0.033
"21-1012","Educational, Guidance, School, and Vocational Counselors",1.18,2.38,1.25,4.75,3.38,3.5,3.62,5.03,1.1,NA,0.0085
"21-1013","Marriage and Family Therapists",0.36,2.12,0,5.88,3.88,3.38,4,6.09,1.02,0,0.014
"21-1014","Mental Health Counselors",0.23,2.25,0,5.38,3.75,4,4.25,5.54,1.53,NA,0.0048
"21-1015","Rehabilitation Counselors",0.21,2.38,0,4.88,3.38,3.5,3.75,4.3,1.52,NA,0.0094
"21-1021","Child, Family, and School Social Workers",0,2.38,0,4.5,3.88,3.38,3.88,4.44,1.2,NA,0.028
"21-1022","Healthcare Social Workers",0.37,2.25,0.12,5.25,3.38,3.75,3.75,5.74,1.73,NA,0.0035
"21-1023","Mental Health and Substance Abuse Social Workers",0.58,2.12,0,5.5,3.62,3.62,3.88,5.57,1.93,NA,0.0031
"21-1091","Health Educators",0.69,2.12,2,3.75,3,3.38,3.25,3.64,1.58,NA,0.045
"21-1092","Probation Officers and Correctional Treatment Specialists",0.16,1.5,1,4.5,3.38,3.12,3.88,3.4,1.42,NA,0.25
"21-1093","Social and Human Service Assistants",0.19,2.5,1.38,4.38,3,3,3.25,4.9,1.5,NA,0.13
"21-2011","Clergy",1.48,2.63,1.38,5.12,4.38,3.5,4.75,5.59,1.05,0,0.0081
"21-2021","Directors, Religious Activities and Education",2.34,2.25,0.25,4.5,3.25,3.38,3.62,4.05,1.71,NA,0.025
"23-1011","Lawyers",0.14,2.25,0,3.88,4.25,3.62,4.75,2.69,1.18,0,0.035
"23-1012","Judicial Law Clerks",0,1.62,0.25,3.25,3.12,3.12,3.38,2.86,1.34,1,0.41
"23-1021","Administrative Law Judges, Adjudicators, and Hearing Officers",0.26,2,0.5,3.88,3.62,3.12,3.62,2.19,1.17,NA,0.64
"23-1022","Arbitrators, Mediators, and Conciliators",0.25,1.75,0,3.75,5,3.5,4.62,3.04,1.04,NA,0.06
"23-1023","Judges, Magistrate Judges, and Magistrates",0.45,1.38,0,4.12,4.12,3.12,4.12,2.9,1.38,0,0.4
"23-2011","Paralegals and Legal Assistants",0,2.12,0,3,2.5,2.75,2.62,2.05,1.71,1,0.94
"23-2011","Paralegals and Legal Assistants*",0,2.12,0,3,2.5,2.75,2.62,2.05,1.71,1,0.94
"23-2091","Court Reporters",0.04,2.88,2,2.25,1.5,0.88,1.25,0.8,1.38,NA,0.5
"23-2093","Title Examiners, Abstractors, and Searchers",0,1.38,0,2.75,2.62,2.25,2.75,1.21,1.06,NA,0.99
"25-2011","Preschool Teachers, Except Special Education",1.08,1.62,1.62,3.5,2.62,3.5,2.75,4.46,1.6,0,0.0074
"25-2012","Kindergarten Teachers, Except Special Education",2.12,1.75,0.38,3.5,3.12,3.25,3,3.75,1.17,NA,0.15
"25-2021","Elementary School Teachers, Except Special Education",2.32,2,0.38,3.88,2.62,3.88,2.88,3.94,1.32,NA,0.0044
"25-2022","Middle School Teachers, Except Special and Career/Technical Education",2.43,2,0.38,3.62,3.38,3.25,3.25,3.3,1.6,NA,0.17
"25-2023","Career/Technical Education Teachers, Middle School",1.37,2.38,2.12,3.5,2.75,3.12,2.75,3.32,1.61,NA,0.26
"25-2031","Secondary School Teachers, Except Special and Career/Technical Education",2.81,2.12,0.38,3.75,3,3.75,3,3.47,1.14,NA,0.0078
"25-2032","Career/Technical Education Teachers, Secondary School",1.19,2.88,2.62,3.75,3.5,3.5,3.75,4.22,1.67,NA,0.0088
"25-2053","Special Education Teachers, Middle School",1.33,2.12,0.38,3.75,3.25,3.5,3.38,4.07,1.15,NA,0.016
"25-2054","Special Education Teachers, Secondary School",1.71,2.12,0.25,4,2.75,3.62,3,3.79,1.45,NA,0.0077
"25-2059","Special Education Teachers, All Other",1.72,2.88,2.88,4.25,3,3.38,3.5,4.78,2.13,NA,NA
"25-3011","Adult Basic and Secondary Education and Literacy Teachers and Instructors",1.6,2,0.38,3.5,3,3.25,3.25,3.47,1.19,NA,0.19
"25-3021","Self-Enrichment Education Teachers",2.14,2,1.88,3,2.38,3.25,2.75,3.58,1.57,NA,0.13
"25-4011","Archivists",1.88,2.38,1.12,3,2.62,3,2.75,2.03,1.77,NA,0.76
"25-4012","Curators",4.43,2.38,1.75,3.5,3.5,4.25,3.62,3.15,1.86,NA,0.0068
"25-4013","Museum Technicians and Conservators",4.54,3.38,3.12,3,2.5,3.12,2.5,1.38,2.33,NA,0.59
"25-4021","Librarians",1.44,2.62,1.88,3.5,3.25,3,3.12,2.59,1.69,NA,0.65
"25-4031","Library Technicians",0.66,2.38,2.38,2.75,2,2.25,2.38,1.84,1.57,NA,0.99
"25-9011","Audio-Visual and Multimedia Collections Specialists",2.49,3,2.12,2.88,2.12,3.25,2.25,1.89,2.24,NA,0.39
"25-9021","Farm and Home Management Advisors",0.82,2.5,1.75,3.88,3.62,4.13,3.62,2.85,1.53,NA,0.0075
"25-9031","Instructional Coordinators",1.92,1.88,0.38,3.75,3.62,3.88,3.62,3.55,1.73,NA,0.0042
"25-9041","Teacher Assistants",0.99,1.88,0.25,3.12,2.38,2.88,2.75,4,1.12,NA,0.56
"27-1011","Art Directors",5.03,2.38,2,3.12,3.5,4.38,3.62,1.64,1.86,NA,0.023
"27-1012","Craft Artists",5.18,3.75,3.5,3,2,3.75,2.62,2,1.39,NA,0.035
"27-1013","Fine Artists, Including Painters, Sculptors, and Illustrators",6.21,3.38,3.75,2.88,2.12,4.5,2.38,0.96,1.76,NA,0.042
"27-1014","Multimedia Artists and Animators",5.5,2.75,2.38,2.88,3,3.75,3,2.57,1.59,NA,0.015
"27-1021","Commercial and Industrial Designers",2.16,3.25,1.75,3.38,2.5,4.88,3.62,1.79,2.16,NA,0.037
"27-1022","Fashion Designers",2.59,2.88,2.25,3.75,3.38,4.38,3.5,1.93,3.37,0,0.021
"27-1023","Floral Designers",2.54,2.38,2.38,2.75,2.5,3.5,2.62,2.72,1.77,NA,0.047
"27-1024","Graphic Designers",5.14,2.62,2.12,3,2.88,3.88,2.75,1.19,1.21,NA,0.082
"27-1025","Interior Designers",4.12,1.75,0,3.38,3.5,4.12,3.5,1.85,1.3,NA,0.022
"27-1026","Merchandise Displayers and Window Trimmers",1.74,3.13,2.75,2.88,2.12,3.25,2.62,1.01,3.72,NA,0.48
"27-1027","Set and Exhibit Designers",5.66,3.25,2.88,3.25,3,4.13,3.12,3.1,2.1,NA,0.0055
"27-2011","Actors",5.8,1.75,1.5,3.62,2.5,3.25,3,2.41,1.63,NA,0.37
"27-2012","Producers and Directors",3.322,2.1,1.302,3.652,3.504,3.802,3.55,2.282,1.544,NA,0.022
"27-2021","Athletes and Sports Competitors",0.21,3,3.13,3,2.25,3.13,2.38,3.45,1.24,0,0.28
"27-2022","Coaches and Scouts",0.72,2,2.38,4.12,4,3.88,4,2.66,1.32,NA,0.013
"27-2023","Umpires, Referees, and Other Sports Officials",0.44,2,0.5,2.75,2.88,2.5,2.5,1.85,1.51,NA,0.98
"27-2031","Dancers",5.31,1.5,2.13,3,2,3.5,2.75,1.75,2.08,NA,0.13
"27-2032","Choreographers",6.52,2.25,1.63,3.62,3,4,2.88,3.4,2.04,NA,0.004
"27-2041","Music Directors and Composers",5.925,2.44,1.69,3.185,2.75,3.94,2.94,2.48,1.205,NA,0.015
"27-2042","Musicians and Singers",5.25,1.69,1.75,3.185,2.31,3.5,2.62,2.46,1.555,NA,0.074
"27-3011","Radio and Television Announcers",2.55,1.25,1.38,3.62,3.12,3.5,3,2.17,1.65,NA,0.1
"27-3012","Public Address System and Other Announcers",1.03,2.5,2.38,3.25,2.5,3,2.62,2.08,1.88,NA,0.72
"27-3021","Broadcast News Analysts",1.52,2.38,1.38,4,2.88,3.5,3.5,2.29,2.08,NA,0.067
"27-3022","Reporters and Correspondents",1.19,1.5,1.25,3.75,2.88,3.5,3.12,2.02,1.71,NA,0.11
"27-3031","Public Relations Specialists",1.81,1.75,0,3.88,3.38,3.5,3.5,1.92,1.22,NA,0.18
"27-3041","Editors",2.48,2.62,1.12,3.62,3.75,3.88,3.62,1.55,1.24,NA,0.055
"27-3042","Technical Writers",0.23,1.88,1,2.75,2.38,3,2.88,1.66,1.02,1,0.89
"27-3043","Writers and Authors",3.1,2.31,0.815,3.37,3,4.19,3.5,1.3,1.185,NA,0.038
"27-3091","Interpreters and Translators",1.52,2.25,0.62,3.5,2,2.88,2.25,4.25,1.65,NA,0.38
"27-4011","Audio and Video Equipment Technicians",2.41,3,3,2.88,2.62,3.12,2.62,1.93,1.88,NA,0.55
"27-4012","Broadcast Technicians",0.77,3.12,2.38,2.88,1.38,3,2.12,1.93,1.97,NA,0.74
"27-4013","Radio Operators",0.05,3.38,2.38,2.88,2.38,2.5,2.25,1.79,1.78,NA,0.98
"27-4014","Sound Engineering Technicians",4.28,3.12,2.88,3,3,3.38,3,2.28,2.32,NA,0.13
"27-4021","Photographers",2.25,2.75,2.88,3.12,2.62,3.63,2.75,2.5,2.37,NA,0.021
"27-4031","Camera Operators, Television, Video, and Motion Picture",1.94,3,2.75,3.12,2,3.12,2.75,1.47,2.18,NA,0.6
"27-4032","Film and Video Editors",3.38,3,2.25,2.62,2.62,3.5,2.88,1.15,1.28,NA,0.31
"29-1011","Chiropractors",0.9,3.12,3,3.62,2.88,3.25,3.25,5.66,1.2,NA,0.027
"29-1021","Dentists, General",1.21,4.75,4.62,3.62,3,4.12,3.5,4.54,2.63,0,0.0044
"29-1022","Oral and Maxillofacial Surgeons",0.5,5.12,5.25,3.88,2.75,3.75,3.25,5.97,2.28,NA,0.0036
"29-1023","Orthodontists",0.45,4.12,3.88,3.75,3.25,3.25,3.25,4.93,1.99,NA,0.023
"29-1024","Prosthodontists",2.04,4.12,3.88,3.75,2.88,3,3,5.67,1.93,NA,0.055
"29-1031","Dietitians and Nutritionists",0.2,2.38,0.5,4.5,3.75,3.75,4,4.4,1.32,NA,0.0039
"29-1041","Optometrists",0.46,4.25,3.12,3.62,2.62,3,3.38,4.67,1.71,NA,0.14
"29-1051","Pharmacists",1.02,2.88,2.62,3.88,3,3.38,3.25,5.14,1.52,NA,0.012
"29-1071","Physician Assistants",0.27,3.125,2.69,3.87,3,2.75,3.19,5.985,2.28,NA,0.14
"29-1081","Podiatrists",0.55,3.12,3.12,4,3.12,3.5,3.38,6.33,2.22,NA,0.0046
"29-1122","Occupational Therapists",0.885,2.69,1.5,3.685,3.12,3.56,3.19,5.085,1.845,NA,0.0035
"29-1123","Physical Therapists",0.29,3.12,2.75,3.75,3,3.12,3.5,5.43,2.24,NA,0.021
"29-1124","Radiation Therapists",0.56,3.25,2.88,3.62,2.25,2.5,2.62,5.55,2.24,NA,0.34
"29-1125","Recreational Therapists",2.46,2.5,2.12,4,3.38,3.75,3.62,5.42,2.08,NA,0.0028
"29-1126","Respiratory Therapists",0.84,3.25,2.88,3.75,3.12,2.88,3.25,6.05,2.59,NA,0.066
"29-1127","Speech-Language Pathologists",0.87,2.38,0.25,4.38,2.88,4.25,3.5,4.5,1.74,NA,0.0064
"29-1131","Veterinarians",0,4,3.88,3.62,3.12,3.12,3.12,5.13,1.77,NA,0.038
"29-1141","Registered Nurses",0.564,3.324,2.776,4.324,3.176,3.374,3.4,6.204,2.688,NA,NA
"29-1151","Nurse Anesthetists",0.21,3.5,3.12,3.88,3.25,3,3.25,6.59,2.91,NA,NA
"29-1161","Nurse Midwives",0.13,3.12,2.88,4,3.12,3,3.5,6.42,2.37,NA,NA
"29-1171","Nurse Practitioners",0.52,3.62,3.5,4.25,3.38,3.25,3.62,6.35,2.29,NA,NA
"29-1181","Audiologists",0.59,4.12,2.75,4,2.62,3.75,3.12,5.1,1.48,NA,0.0033
"29-1199","Health Diagnosing and Treating Practitioners, All Other",0.253333333333333,3.66666666666667,2.20666666666667,4.12666666666667,2.37333333333333,3.29333333333333,3.25,5.1,1.38666666666667,NA,0.02
"29-2011","Medical and Clinical Laboratory Technologists",0.1675,3.6875,2.72,3.03,2.2175,2.72,2.345,2.835,1.54,NA,0.9
"29-2012","Medical and Clinical Laboratory Technicians",0,3.38,3.12,2.62,2.38,2.75,2.25,4.1,2.27,NA,0.47
"29-2021","Dental Hygienists",0.11,3.75,3.5,3,2.12,2.25,2.75,4.63,2.22,NA,0.68
"29-2031","Cardiovascular Technologists and Technicians",0.12,2.88,2.75,3.12,2.5,2.5,2.38,6.21,2.35,NA,0.23
"29-2032","Diagnostic Medical Sonographers",0.14,3.12,3,3.38,2.5,2.5,3,5.2,2.62,NA,0.35
"29-2033","Nuclear Medicine Technologists",0.21,3,2.75,3.25,2.5,2.88,2.62,5.6,1.85,NA,0.13
"29-2034","Radiologic Technologists",0.14,3.25,3,3.5,2,2.5,2.38,5.58,2.29,NA,NA
"29-2035","Magnetic Resonance Imaging Technologists",0,3.38,3,3,2.62,2.88,2.88,5.43,1.91,NA,NA
"29-2041","Emergency Medical Technicians and Paramedics",0.21,3.62,3.62,3.5,2.88,2.88,2.75,6.04,3.53,NA,0.049
"29-2051","Dietetic Technicians",0,2.5,2.5,3.25,2.25,3,2.75,3.89,2.99,NA,0.13
"29-2052","Pharmacy Technicians",0,3.25,3,2.88,2.25,2.25,2.5,3.64,1.55,NA,0.92
"29-2053","Psychiatric Technicians",1.23,2.75,2.38,4,3.38,3,3.38,5.5,2.45,NA,0.043
"29-2054","Respiratory Therapy Technicians",0.24,3.25,2.88,3.62,2.62,2.75,3,6.29,2.71,NA,0.1
"29-2055","Surgical Technologists",0.58,3.75,3.75,3.38,2.25,2.38,2.5,5.67,2.72,NA,0.34
"29-2056","Veterinary Technologists and Technicians",0,3.75,3.25,3.5,2.5,3,2.75,6.01,2.86,NA,0.029
"29-2061","Licensed Practical and Licensed Vocational Nurses",0.14,3.25,2.88,4,3,2.88,3.25,5.84,3.16,NA,0.058
"29-2071","Medical Records and Health Information Technicians",0,2.62,2.38,2.62,2.25,2.5,2,2.8,2.22,NA,0.91
"29-2081","Opticians, Dispensing",0.33,3.5,3.12,3.12,3,2.75,3,3.77,1.5,NA,0.71
"29-2091","Orthotists and Prosthetists",0.39,3.5,3.12,3.88,2.75,3.5,3.25,5.42,2.42,NA,0.0035
"29-2092","Hearing Aid Specialists",0.71,3.38,3,3.25,3,2.75,3.38,5.24,1,NA,NA
"29-2099","Health Technologists and Technicians, All Other",0.095,3.375,2.625,3.315,2.25,2.62,2.435,5.535,2.38,NA,NA
"29-9011","Occupational Health and Safety Specialists",0.09,2.62,0.88,3.5,3.25,3.12,3.88,3.27,2.3,NA,0.17
"29-9012","Occupational Health and Safety Technicians",0.27,2.5,1.88,3.12,2.75,3,3.12,3.65,2.31,NA,0.25
"29-9091","Athletic Trainers",0.41,3,2.88,3.88,2.38,3.38,3.38,5.88,1.88,NA,0.0071
"29-9092","Genetic Counselors",0,2.25,0.25,3.75,3.12,3.25,2.88,5.61,1.19,NA,NA
"29-9099","Healthcare Practitioners and Technical Workers, All Other",0.59,3,2.25,4.62,2.62,3.12,3.25,5.81,3.13,NA,NA
"31-1011","Home Health Aides",0.34,2.62,2.38,3.38,2.88,2.75,2.75,4.39,2.36,NA,0.39
"31-1013","Psychiatric Aides",0.54,2.5,2.12,4.12,2.62,2.62,2.75,5.25,1.45,NA,0.47
"31-2011","Occupational Therapy Assistants",0.61,2.75,2.5,3.62,3.12,3.12,3.25,5.33,1.97,NA,0.028
"31-2012","Occupational Therapy Aides",0.24,2.88,2.5,3.38,2.38,2.75,3,5.36,1.72,NA,0.27
"31-2021","Physical Therapist Assistants",0.13,3.12,2.75,3.75,2.38,3.25,3,5.48,1.8,NA,0.018
"31-2022","Physical Therapist Aides",0.18,2.5,2.5,3.5,2.12,2.25,2.38,4.82,2.45,NA,0.61
"31-9011","Massage Therapists",0.1,2.88,3.25,3.12,2.25,2.62,2.5,4.84,1.65,NA,0.54
"31-9091","Dental Assistants",0.41,3.25,3,2.88,2.62,2.38,2.62,4.79,2.76,NA,0.51
"31-9092","Medical Assistants",0.12,2.88,1.75,3.38,2.88,2.75,3,5.41,1.53,NA,0.3
"31-9093","Medical Equipment Preparers",0.91,3.25,2.75,2.5,1.38,2,1.75,4.44,1.87,NA,0.78
"31-9094","Medical Transcriptionists",0,2.88,2,2.75,1.25,1.62,1.38,2.33,1.2,1,0.89
"31-9095","Pharmacy Aides",0.02,2.75,2.25,2.75,1.62,1.75,2.12,4.07,2.15,NA,0.72
"31-9096","Veterinary Assistants and Laboratory Animal Caretakers",0.44,2.75,2.62,2.75,2.12,1.88,2,3.32,2.31,NA,0.86
"31-9097","Phlebotomists",0.24,3.38,2.75,3,2.25,2.25,2.62,5.2,2.24,NA,NA
"31-9099","Healthcare Support Workers, All Other",0.435,2.935,2.44,3.435,2.56,2.375,2.685,4.81,1.79,NA,NA
"33-1011","First-Line Supervisors of Correctional Officers",0.04,2.38,2.38,3.88,3.12,3.25,3.5,4.7,2.2,NA,0.025
"33-1012","First-Line Supervisors of Police and Detectives",0.26,2.75,2.75,4,3.38,3.5,4.25,4.68,2.32,NA,0.0044
"33-1021","First-Line Supervisors of Fire Fighting and Prevention Workers",0.19,2.94,3.065,3.75,3.185,3.56,3.5,4.96,3.145,NA,0.0036
"33-2011","Firefighters",0.34,3.375,3.685,3.38,2.94,2.75,3,5.14,2.99,NA,0.17
"33-2021","Fire Inspectors and Investigators",0.235,2.56,2.44,3.065,2.56,2.75,3.06,3.43,3.185,NA,0.48
"33-2022","Forest Fire Inspectors and Prevention Specialists",0.03,2.5,2,3,3.12,3.25,3,4.4,1.68,NA,0.048
"33-3011","Bailiffs",0.05,1.25,1,3.25,2.62,0.88,2.5,3.82,1.54,NA,0.36
"33-3012","Correctional Officers and Jailers",0.29,2.75,2.75,3.62,3.25,2.5,3.38,4.9,1.5,NA,0.6
"33-3021","Detectives and Criminal Investigators",0.436,2.574,2.2,3.45,3.172,2.976,3.174,3.434,2.386,NA,0.34
"33-3031","Fish and Game Wardens",0.03,2.75,2.63,3.62,3.12,3.13,3.62,4,2.26,NA,0.08
"33-3041","Parking Enforcement Workers",0.31,2.13,2.13,2.5,2.25,1.63,2,2.73,1.64,NA,0.84
"33-3051","Police and Sheriff's Patrol Officers",0.135,2.815,2.75,3.81,3.75,2.94,3.685,4.9,2.56,NA,0.098
"33-3052","Transit and Railroad Police",0.02,2.75,2.5,3.12,3.12,2.63,3.38,4.19,2.08,NA,0.57
"33-9011","Animal Control Workers",0,2.5,3.13,3,2.5,3,3,3.57,2.72,NA,0.21
"33-9021","Private Detectives and Investigators",0.05,2.75,2,3.38,3,3.25,3.12,1.74,2.95,NA,0.31
"33-9031","Gaming Surveillance Officers and Gaming Investigators",0.39,1.62,1.5,3.25,2.75,2.25,2.62,2.75,2.23,NA,0.95
"33-9032","Security Guards",0.12,2.25,2.25,2.5,2.12,2,2.5,4.12,1.69,NA,0.84
"33-9091","Crossing Guards",0,1.75,2.25,2.88,1.5,1.25,1.88,4.32,1.02,NA,0.49
"33-9092","Lifeguards, Ski Patrol, and Other Recreational Protective Service Workers",0.03,1.25,1.5,3.12,2,2,2.62,5.15,1.49,NA,0.67
"33-9093","Transportation Security Screeners",0,2.75,3,3,2.5,2.38,3,2.78,2.56,NA,NA
"33-9093","Transportation Security Screeners* (federal only)",0,2.75,3,3,2.5,2.38,3,2.78,2.56,NA,NA
"35-1011","Chefs and Head Cooks",0.8,2.88,2.88,3.5,3.5,3.38,3.12,2.82,1.87,0,0.1
"35-1012","First-Line Supervisors of Food Preparation and Serving Workers",0.27,2.62,2.5,3.62,3.12,3,3,2.18,2.27,NA,0.63
"35-2011","Cooks, Fast Food",0.38,2,2.75,2.62,1.75,1.62,2,3.08,1.77,1,0.81
"35-2012","Cooks, Institution and Cafeteria",0.16,2.88,3.12,2.62,2.12,2.62,2.62,3.27,2.17,NA,0.83
"35-2013","Cooks, Private Household",0.58,3,3.38,2.75,2,3.38,2.88,1.61,1.93,NA,0.3
"35-2014","Cooks, Restaurant",0.39,2.62,3.12,2.5,2.12,2.5,1.88,2.47,1.71,NA,0.96
"35-2015","Cooks, Short Order",0.78,2.75,2.75,2.62,2.38,2.5,2.62,2.42,2.16,NA,0.94
"35-2021","Food Preparation Workers",0.71,2.5,2.62,2,1.25,1.62,1.38,1.94,1.88,NA,0.87
"35-3011","Bartenders",0.39,2.88,2.75,3,2.75,2.88,2.75,2.94,1.52,NA,0.77
"35-3021","Combined Food Preparation and Serving Workers, Including Fast Food",0.17,2.12,2.12,2.38,1.62,1.88,2.25,2.67,2.16,NA,0.92
"35-3022","Counter Attendants, Cafeteria, Food Concession, and Coffee Shop",0.04,2.88,2.38,2.75,2.38,2.5,2.75,1.91,2.31,NA,0.96
"35-3031","Waiters and Waitresses",0.22,2.25,2.62,2.5,2,1.88,2.25,2.53,2.02,0,0.94
"35-3041","Food Servers, Nonrestaurant",0.02,2.25,2.5,2.75,1.38,1.75,1.75,2.99,2.08,NA,0.86
"35-9011","Dining Room and Cafeteria Attendants and Bartender Helpers",0.15,2.88,3.13,2.38,1.75,1.75,2,2.47,1.86,NA,0.91
"35-9021","Dishwashers",0.16,2.38,3.5,2,1.5,1.5,1.75,2.26,1.89,1,0.77
"35-9031","Hosts and Hostesses, Restaurant, Lounge, and Coffee Shop",0.11,2.25,2.25,2.62,2.62,2.38,2.75,2.15,1.9,NA,0.97
"37-1011","First-Line Supervisors of Housekeeping and Janitorial Workers",0.36,2.25,2.25,3.5,3.12,2.38,2.88,3.04,1.82,NA,0.94
"37-1012","First-Line Supervisors of Landscaping, Lawn Service, and Groundskeeping Workers",0.01,2.75,3,3.5,3,3,3.12,2.43,2.22,NA,0.57
"37-2011","Janitors and Cleaners, Except Maids and Housekeeping Cleaners",0.11,2.5,2.38,2.25,1.5,1.38,1.75,2.11,2.59,NA,0.66
"37-2012","Maids and Housekeeping Cleaners",0.01,2.12,2.38,2.12,1.62,1.5,1.88,3.11,1.97,0,0.69
"37-2021","Pest Control Workers",0.09,2.75,2.63,2.5,2.62,2.75,3.12,2.55,3.3,NA,0.66
"37-3011","Landscaping and Groundskeeping Workers",0.03,2.75,3,2.38,1.75,2.25,1.62,2.6,2.22,NA,0.95
"37-3012","Pesticide Handlers, Sprayers, and Applicators, Vegetation",0.1,3,3.13,2.5,1.38,1.88,2.25,1.6,1.38,NA,0.97
"37-3013","Tree Trimmers and Pruners",0.11,3.38,3.63,2.5,2.38,2,2.62,3.02,3.56,NA,0.77
"39-1011","Gaming Supervisors",0.3,0.63,0.25,3.88,3.38,3,3.12,3.77,1.89,NA,0.28
"39-1012","Slot Supervisors",0.22,2.38,2.38,2.75,2.75,1.63,2.62,3.46,3.66,NA,0.54
"39-1021","First-Line Supervisors of Personal Service Workers",0.59,2.185,1.875,3.69,3.25,3.255,3.375,4.01,1.39,NA,0.076
"39-2011","Animal Trainers",0.2,2.63,2.75,2.38,2.5,3.25,2.88,3.86,1.51,NA,0.1
"39-2021","Nonfarm Animal Caretakers",0.24,2,2.12,2.25,1.75,1.75,1.88,3.19,2.31,NA,0.82
"39-3011","Gaming Dealers",0.06,2.88,3.12,2.88,2.75,2.25,2.88,3.05,1.42,1,0.96
"39-3012","Gaming and Sports Book Writers and Runners",0.46,2.5,2,2.88,2.75,2.13,2.62,3.15,2.41,NA,0.91
"39-3021","Motion Picture Projectionists",0.58,3.25,3,2,1.62,2.13,2.12,1.48,2.19,NA,0.97
"39-3031","Ushers, Lobby Attendants, and Ticket Takers",0.37,2.38,1.75,2.5,2,2.13,2.38,2.99,1.33,NA,0.96
"39-3091","Amusement and Recreation Attendants",0.74,2,2.12,2.38,1.75,1.75,2.5,3.91,2.36,NA,0.72
"39-3092","Costume Attendants",3.02,3.13,2.88,2.62,2.12,2.88,2.38,3.43,1.73,NA,0.61
"39-3093","Locker Room, Coatroom, and Dressing Room Attendants",0.28,1.38,1.5,2.62,2,0.88,2.25,2.53,1.22,NA,0.43
"39-4011","Embalmers",1.37,3.25,3.25,4.12,2.5,2.5,2.38,4.94,1.8,NA,0.54
"39-4021","Funeral Attendants",0.48,0.5,1.38,3.12,1.38,1.13,1.75,4.99,1.57,NA,0.37
"39-4031","Morticians, Undertakers, and Funeral Directors",1.03,2.75,2.75,4.5,3.5,2.88,3.75,5.15,1.57,NA,NA
"39-5011","Barbers",0.52,3.13,3,2.5,1.88,2.75,2.12,3.53,1.37,NA,0.8
"39-5012","Hairdressers, Hairstylists, and Cosmetologists",0.06,3.5,3.5,2.88,2.12,3.13,2.75,4.17,1.54,0,0.11
"39-5091","Makeup Artists, Theatrical and Performance",4.27,3.38,3.62,2.75,2.5,3.62,2.62,3.18,3.1,NA,0.01
"39-5092","Manicurists and Pedicurists",0.16,3.25,2.38,2.75,2.12,2.25,2,3.34,1.43,NA,0.95
"39-5093","Shampooers",0.61,2.75,2.88,2.62,1.62,1.62,1.62,3.24,1.78,NA,0.79
"39-5094","Skincare Specialists",0.01,2.88,2.88,2.88,2.38,2.88,2.5,4.54,1.81,NA,0.29
"39-6011","Baggage Porters and Bellhops",0.3,2.25,2.38,2.38,1.75,1.75,1.75,3.43,1.86,NA,0.83
"39-6012","Concierges",1.77,1.88,1.12,3,2.62,3,2.75,4.42,1.42,0,0.21
"39-7011","Tour Guides and Escorts",1.52,1,0.62,2.88,1.62,2.5,2.12,3.09,1.95,NA,0.91
"39-7012","Travel Guides",2.41,2.13,1.75,3.38,3.25,3.38,3.38,3.74,1.24,NA,0.057
"39-9011","Childcare Workers",1.015,2.44,2.19,3.56,2.94,3.125,3.19,4.77,1.445,0,0.084
"39-9021","Personal Care Aides",0.44,2.38,1.75,3,2,1.88,2.12,4.44,1.97,NA,0.74
"39-9031","Fitness Trainers and Aerobics Instructors",1,2.38,2.62,3.62,2.25,3.12,3,4.57,1.38,NA,0.085
"39-9032","Recreation Workers",1.58,2,0.5,3.62,2.88,3.5,2.88,4.35,2.09,NA,0.0061
"39-9041","Residential Advisors",0.89,2.12,1.12,3.38,3.12,3,3.25,5.24,2.1,NA,0.064
"41-1011","First-Line Supervisors of Retail Sales Workers",0.92,2.62,2.38,3.75,3.62,3.25,3.75,2.5,2,NA,0.28
"41-1012","First-Line Supervisors of Non-Retail Sales Workers",0.69,2.62,0,4,3.75,3.5,3.88,2.42,1.58,NA,0.075
"41-2011","Cashiers",0.5,2.5,2.25,2.62,2,2,2.12,2.23,1.78,1,0.97
"41-2012","Gaming Change Persons and Booth Cashiers",0.13,2.5,2.25,2.25,2.12,1.62,2.38,3.04,1.39,NA,0.83
"41-2021","Counter and Rental Clerks",0.97,2.38,2.12,2.75,2.62,2.25,2.75,2.58,1.73,NA,0.97
"41-2022","Parts Salespersons",0.02,3,2.13,2.62,2.88,2.38,3,2.31,1.63,NA,0.98
"41-2031","Retail Salespersons",0.58,2.5,1.75,3,3.5,2.75,3.75,2.68,1.31,NA,0.92
"41-3011","Advertising Sales Agents",0.82,2.38,0.25,3.62,3.88,3.25,4.38,2.15,1.04,NA,0.54
"41-3021","Insurance Sales Agents",0.39,1.88,0,3.38,3.5,2.75,3.62,2.7,1.26,NA,0.92
"41-3031","Securities, Commodities, and Financial Services Sales Agents",0.215,2.38,1.255,3.69,3.5,3.565,4.25,3.385,1.525,NA,0.016
"41-3041","Travel Agents",0.04,1.88,0.38,3.25,3.25,3.25,3.38,3.98,1.34,NA,0.099
"41-4011","Sales Representatives, Wholesale and Manufacturing, Technical and Scientific Products",0.135,2.25,0.315,3.5,3.69,3.315,4.065,2.11,1.8,NA,0.25
"41-4012","Sales Representatives, Wholesale and Manufacturing, Except Technical and Scientific Products",0.15,1.88,1.12,3.38,3.88,3,3.88,1.7,1.46,NA,0.85
"41-9011","Demonstrators and Product Promoters",0.16,2.38,0.88,3.12,2.62,3.25,3.75,2.15,1.18,NA,0.51
"41-9012","Models",1.4,0.63,0.38,2.5,1.88,2.25,1.88,0.27,1.47,NA,0.98
"41-9021","Real Estate Brokers",0.26,0.63,0.25,3.12,3.88,2.38,4,2.68,1.48,NA,0.97
"41-9022","Real Estate Sales Agents",0.29,2,1.12,3.5,4,2.62,4.12,3.54,1.39,NA,0.86
"41-9031","Sales Engineers",0.09,2.38,1.75,4.12,4.12,3.88,4.38,4,1.36,NA,0.0041
"41-9041","Telemarketers",0.15,1.5,0.88,2.75,2.62,2.38,3.5,1.57,1.22,NA,0.99
"41-9091","Door-to-Door Sales Workers, News and Street Vendors, and Related Workers",0.45,1.38,0,3.25,3.5,2.75,4.12,2.55,1.1,NA,0.94
"43-1011","First-Line Supervisors of Office and Administrative Support Workers",0.58,2.5,0,3.88,3.62,3.63,3.62,3.3,1.31,NA,0.014
"43-2011","Switchboard Operators, Including Answering Service",0.15,2,1.63,2.5,2,1.88,2.12,2.6,1.4,1,0.96
"43-2021","Telephone Operators",0.11,2.75,1.5,2.88,1.88,2,2,2.65,1.11,NA,0.97
"43-3011","Bill and Account Collectors",0,2.5,1,3.38,3.38,2.75,3.62,2.3,1.35,NA,0.95
"43-3021","Billing and Posting Clerks",0,2.255,0.815,2.31,2.065,1.94,2,2.59,1.15,NA,0.96
"43-3031","Bookkeeping, Accounting, and Auditing Clerks",0.01,2.5,1.5,2.88,2.5,2.12,2.5,2.51,1.45,NA,0.98
"43-3041","Gaming Cage Workers",0.21,2.13,1.88,2.62,2.75,1.38,2.12,2.75,3.1,NA,0.39
"43-3051","Payroll and Timekeeping Clerks",0,2,0,2.75,2.38,2.5,2.5,2.2,1.63,NA,0.97
"43-3061","Procurement Clerks",0.01,1,1.13,3.12,3.88,2,2.38,2.04,1.44,NA,0.98
"43-3071","Tellers",0.12,2.38,2,2.62,2.12,2.12,2,2.24,1.25,NA,0.98
"43-4011","Brokerage Clerks",0.27,2.75,1.63,3.12,2.5,2.13,2.12,2.26,1.09,NA,0.98
"43-4021","Correspondence Clerks",0,3,0.25,3.12,2.75,2.75,2.88,2.64,2.01,NA,0.86
"43-4031","Court, Municipal, and License Clerks",0.0366666666666667,1.83666666666667,0.92,2.79333333333333,2.58333333333333,1.75,2.29,2.36,1.59333333333333,NA,0.46
"43-4041","Credit Authorizers, Checkers, and Clerks",0.01,1.94,0.5,2.94,2.56,1.94,2.56,1.68,1.58,1,0.97
"43-4051","Customer Service Representatives",0.68,2.315,0.63,3.44,3.25,2.87,3.5,3.85,1.375,NA,0.55
"43-4061","Eligibility Interviewers, Government Programs",0.01,2,0.88,3.5,3,2.5,3,4.3,1.91,NA,0.7
"43-4071","File Clerks",0.03,3,2.13,2.25,2.25,2.5,1.5,2.35,1.46,1,0.97
"43-4081","Hotel, Motel, and Resort Desk Clerks",0.32,2.25,1.5,3,2.5,2.25,2.88,3.51,1.2,NA,0.94
"43-4111","Interviewers, Except Eligibility and Loan",0,2.5,1.12,3.12,2.62,2.5,2.88,3.14,1.22,NA,0.94
"43-4121","Library Assistants, Clerical",1.29,2.38,2.12,2.75,1.62,2,1.88,2.56,2.16,NA,0.95
"43-4131","Loan Interviewers and Clerks",0.02,2.88,0.13,3.38,3,2.75,3,2.89,1.04,NA,0.92
"43-4141","New Accounts Clerks",0,2.12,1.88,2.88,2.38,2.12,2.75,1.9,1.05,NA,0.99
"43-4151","Order Clerks",0,2.75,1.75,2.75,3.25,2.38,3,1.3,1.86,NA,0.98
"43-4161","Human Resources Assistants, Except Payroll and Timekeeping",0.07,1.62,0,3.12,2.5,2.5,2.75,3.44,1.54,1,0.9
"43-4171","Receptionists and Information Clerks",0.16,2.38,2,2.75,2.5,2.12,2.5,3.23,1.25,NA,0.96
"43-4181","Reservation and Transportation Ticket Agents and Travel Clerks",0.09,2.5,1.88,2.88,3,2.63,3.12,4.23,1.82,NA,0.61
"43-5011","Cargo and Freight Agents",0.13,2,0.75,3,3.12,2.38,2.75,2.16,1.1,NA,0.99
"43-5021","Couriers and Messengers",0.02,2.38,2.5,2.5,2.12,2.25,2.38,2.78,2.26,1,0.94
"43-5031","Police, Fire, and Ambulance Dispatchers",0.14,3,1.75,3.5,2.75,2.62,3.25,4.76,2.03,NA,0.49
"43-5032","Dispatchers, Except Police, Fire, and Ambulance",0,2.38,1.38,3.25,3.25,2.62,3.38,2.68,1.4,NA,0.96
"43-5041","Meter Readers, Utilities",0.03,2.5,2.5,2.38,2.38,2.25,2.38,2.85,3.14,1,0.85
"43-5051","Postal Service Clerks",0.08,2.75,2.75,2.38,1.88,1.88,2.5,2.14,1.89,NA,0.95
"43-5052","Postal Service Mail Carriers",0.09,2.88,3,2.75,1.62,1.38,2,2.03,2.52,NA,0.68
"43-5053","Postal Service Mail Sorters, Processors, and Processing Machine Operators",0,2.63,3.13,2.88,1.75,1.63,1.88,2.65,2.45,NA,0.79
"43-5061","Production, Planning, and Expediting Clerks",0.15,2,1,3,3.12,2.75,3,2.43,2.11,NA,0.88
"43-5071","Shipping, Receiving, and Traffic Clerks",0,2.38,2.75,2.25,2,2.25,2,2.06,1.9,NA,0.98
"43-5081","Stock Clerks and Order Fillers",0.015,1.6275,2.535,2.3775,2.185,1.44,2.345,2.3975,2.12,NA,0.64
"43-5111","Weighers, Measurers, Checkers, and Samplers, Recordkeeping",0.17,2.63,2.13,2.62,2,1.88,2.25,0.95,2.21,NA,0.95
"43-6011","Executive Secretaries and Executive Administrative Assistants",0.04,2.5,0.25,3.25,2.62,2.62,2.75,3.76,1.04,NA,0.86
"43-6012","Legal Secretaries",0.07,2,1.12,2.88,2,2.38,2.25,2.57,1.41,NA,0.98
"43-6013","Medical Secretaries",0,2.62,1.38,2.88,2.25,2.12,2.12,4.52,1.18,NA,0.81
"43-6014","Secretaries and Administrative Assistants, Except Legal, Medical, and Executive",0.22,1.5,1.5,3.12,2.25,2,2.25,3.1,1.13,NA,0.96
"43-9011","Computer Operators",0.04,3.25,2.12,2.75,2.62,3,2.62,1.94,1.72,NA,0.78
"43-9021","Data Entry Keyers",0,3.5,1.88,2.62,1.88,2.38,1.88,2.36,1.04,1,0.99
"43-9022","Word Processors and Typists",0,2.38,1.63,2.5,1.5,1.63,1.88,3.27,1.4,NA,0.81
"43-9031","Desktop Publishers",3.02,3,2.62,3.25,2.75,3.62,3.25,1.33,1.14,NA,0.16
"43-9041","Insurance Claims and Policy Processing Clerks",0.01,2.19,1.19,2.625,2.185,2.065,2.44,2.03,1.065,NA,0.98
"43-9051","Mail Clerks and Mail Machine Operators, Except Postal Service",0.02,2.88,2.75,2.62,1.38,1.75,2,1.74,1.71,NA,0.94
"43-9061","Office Clerks, General",0.13,2.38,2,2.75,2.25,2.25,2.25,3.12,1.51,NA,0.96
"43-9071","Office Machine Operators, Except Computer",0.32,2.63,2.5,2.25,2.12,2.25,2.38,2.87,2.56,NA,0.92
"43-9081","Proofreaders and Copy Markers",0.74,1.13,1.13,2.38,1.25,1.63,1.38,2.93,1.31,NA,0.84
"43-9111","Statistical Assistants",0,2.63,1.63,2.5,2.5,3.13,2.5,2.15,1,NA,0.66
"45-1011","First-Line Supervisors of Farming, Fishing, and Forestry Workers",0.21,2.785,3.065,3.625,3.19,2.905,3.465,2.9475,2.36,NA,0.57
"45-2011","Agricultural Inspectors",0.28,2.38,2.25,2.75,2.88,2.5,3.12,2.08,2.4,NA,0.94
"45-2021","Animal Breeders",0.59,3,2.75,2.38,1.88,2,2.75,2.49,2.17,NA,0.95
"45-2041","Graders and Sorters, Agricultural Products",0,2.5,2.88,1.88,1.25,0,1.5,1.66,1.71,NA,0.41
"45-3011","Fishers and Related Fishing Workers",0.04,3.25,3.38,2.5,3.12,2.25,2.38,2.66,3.47,NA,0.83
"45-4011","Forest and Conservation Workers",0.09,2.63,2.88,2.62,2.12,2.25,2.5,2.48,3.33,NA,0.87
"45-4021","Fallers",0,2.75,3.38,1.88,1.75,1.75,2.12,2.87,3.06,NA,0.76
"45-4022","Logging Equipment Operators",0,2.38,2.88,2,1.75,1.75,2,2.95,2.8,NA,0.79
"45-4023","Log Graders and Scalers",0,2.75,2.75,3,2.62,2.38,2.62,2.5,1.74,NA,0.97
"47-1011","First-Line Supervisors of Construction Trades and Extraction Workers",0.43,3,2.75,3.5,3.12,3.12,3.25,3.2,2.35,NA,0.17
"47-2011","Boilermakers",0.07,3.25,3.13,2.88,2,2.38,2,3.1,3.81,NA,0.68
"47-2021","Brickmasons and Blockmasons",0.4,3,3.38,2,1.75,2.38,1.88,2.62,3.41,NA,0.82
"47-2022","Stonemasons",0.06,3,3.63,2.25,2.62,2.75,2.62,1.82,2.55,NA,0.89
"47-2031","Carpenters",0.705,3.25,3.5,2.375,2.435,2.5,2.5,2.965,3.335,NA,0.72
"47-2041","Carpet Installers",0.53,2.88,2.88,2.25,1.75,2.12,1.88,1.51,3.63,NA,0.87
"47-2042","Floor Layers, Except Carpet, Wood, and Hard Tiles",0.11,2.75,3.13,2.25,2.25,2.13,2.5,2.35,3.84,NA,0.79
"47-2043","Floor Sanders and Finishers",0.32,3,3,2.25,1.5,1.88,1.5,1.5,3.27,NA,0.87
"47-2044","Tile and Marble Setters",0.13,2.88,3,2.62,2.75,2.75,2.5,1.05,3.87,NA,0.75
"47-2051","Cement Masons and Concrete Finishers",0.47,2.62,3.38,1.88,1.62,1.88,1.88,1.41,2.38,NA,0.94
"47-2053","Terrazzo Workers and Finishers",0.2,3.25,3.38,2,1.62,1.88,2.12,2.06,3.02,NA,0.88
"47-2061","Construction Laborers",0.73,3,3.75,2.25,2,2,2,2.11,3.31,NA,0.88
"47-2071","Paving, Surfacing, and Tamping Equipment Operators",0.42,2.5,2.62,1.88,1.62,1.62,2,2.48,2.08,NA,0.83
"47-2072","Pile-Driver Operators",0,2.88,3.12,2.25,1.88,2.12,1.88,2.41,3.68,NA,0.82
"47-2073","Operating Engineers and Other Construction Equipment Operators",0.06,2.88,3.12,2.25,1.5,2,1.75,2,2.49,NA,0.95
"47-2081","Drywall and Ceiling Tile Installers",0.69,3.13,3,2.62,2.12,2.13,2,2.66,3.72,NA,0.79
"47-2082","Tapers",0.01,3.25,2.88,2.12,1.5,1.38,1.75,1.92,3.23,NA,0.62
"47-2111","Electricians",0.13,3.75,3.5,3,2.62,3.25,3,2.33,3.78,NA,0.15
"47-2121","Glaziers",0,3.13,2.75,2.5,1.62,1.38,1.88,1.38,2.23,NA,0.73
"47-2131","Insulation Workers, Floor, Ceiling, and Wall",0.69,2.88,3.38,2,1.88,2.38,2.12,1.82,3.78,NA,0.83
"47-2132","Insulation Workers, Mechanical",0.48,3,3,2.62,2,2.25,1.88,2.83,4.41,NA,0.64
"47-2141","Painters, Construction and Maintenance",0.85,3,2.88,2.75,1.5,1.75,1.75,2.3,3.55,NA,0.75
"47-2142","Paperhangers",0.46,3.12,3.25,2.12,1.62,1.75,1.88,1.57,2.83,NA,0.87
"47-2151","Pipelayers",0.25,2.75,3.13,2.75,1.88,1.75,2,3.68,3.26,NA,0.62
"47-2152","Plumbers, Pipefitters, and Steamfitters",0.11,3.44,3.375,2.69,2.56,2.88,2.62,3.025,3.555,0,0.35
"47-2161","Plasterers and Stucco Masons",0.21,2.88,3.5,2.12,2,2.38,1.88,2.57,3.3,NA,0.84
"47-2171","Reinforcing Iron and Rebar Workers",0.77,3.13,3.5,2.12,1.62,2,1.88,2.47,2.94,NA,0.9
"47-2181","Roofers",1.53,3.13,3,2.75,1.88,2.38,2,1.96,3.24,NA,0.9
"47-2211","Sheet Metal Workers",0.26,2.88,3,2,1.88,2.62,1.88,2.18,3.26,1,0.82
"47-2221","Structural Iron and Steel Workers",0.19,3.5,3.63,2.75,2.12,2.5,2.38,2.3,3.3,NA,0.83
"47-2231","Solar Photovoltaic Installers",0.1,3,2.75,2.38,1.88,2.5,2.38,2.64,2.98,NA,NA
"47-3011","Helpers--Brickmasons, Blockmasons, Stonemasons, and Tile and Marble Setters",1.3,2.88,3.38,2.25,1.88,1.88,1.88,2.86,2.99,NA,0.83
"47-3012","Helpers--Carpenters",0.03,2.5,2.88,2.25,1.88,2.25,1.88,1.72,3.11,NA,0.92
"47-3013","Helpers--Electricians",0.01,3.12,3.75,2,1.12,2,1.25,2.48,4.06,NA,0.74
"47-3014","Helpers--Painters, Paperhangers, Plasterers, and Stucco Masons",0.1,2.88,2.88,2.25,1.75,1.88,1.75,2.13,2.2,NA,0.94
"47-3015","Helpers--Pipelayers, Plumbers, Pipefitters, and Steamfitters",0,2.88,2.88,2.12,1.62,2,1.62,3.77,4.02,NA,0.57
"47-3016","Helpers--Roofers",0.14,3,3.12,2.12,1.75,1.75,1.75,3.58,2.75,NA,0.72
"47-4011","Construction and Building Inspectors",0.48,2.38,1.62,3,2.75,2.88,3,1.87,3.35,NA,0.63
"47-4021","Elevator Installers and Repairers",0.13,3.25,3.25,2.62,2.38,2.88,2.5,2.53,4,NA,0.39
"47-4031","Fence Erectors",0.27,2.63,3.25,2.25,2.12,1.88,2.38,1.27,2.19,NA,0.92
"47-4041","Hazardous Materials Removal Workers",0.04,2.88,3.13,2.88,2.5,2.63,2.5,4.1,2.37,NA,0.53
"47-4051","Highway Maintenance Workers",0.19,3.25,3.5,2.5,2.25,2.25,2.5,2.7,3.08,NA,0.87
"47-4061","Rail-Track Laying and Maintenance Equipment Operators",0.07,3.13,3.25,2.12,2.12,2.25,2,3.1,2.63,NA,0.89
"47-4071","Septic Tank Servicers and Sewer Pipe Cleaners",0,3.13,3.38,2.5,2.25,2.13,2.5,2.57,3.48,NA,0.83
"47-4091","Segmental Pavers",0.55,2.75,3,2.75,2.62,2.75,2.75,3.03,1.85,NA,0.83
"47-4099","Construction and Related Workers, All Other",0.07,2.88,2.62,2.38,2.38,2.5,2.75,2.86,4.2,NA,NA
"47-5011","Derrick Operators, Oil and Gas",0.18,3.38,3.63,2.75,2.12,2,2,2.23,3.79,NA,0.8
"47-5012","Rotary Drill Operators, Oil and Gas",0.03,3.13,3.38,2.75,2.75,2.63,2.88,3.46,3.29,NA,0.53
"47-5013","Service Unit Operators, Oil, Gas, and Mining",0.07,3,3.13,2.75,2.38,2.25,2.5,2.18,2.9,NA,0.93
"47-5021","Earth Drillers, Except Oil and Gas",0,3,3.38,2,2.12,1.88,2,1.76,3.39,NA,0.85
"47-5031","Explosives Workers, Ordnance Handling Experts, and Blasters",0.17,3.5,4.13,2.75,2.62,3,2.62,2.74,2.3,NA,0.48
"47-5041","Continuous Mining Machine Operators",0.04,2.88,3.12,1.88,1.75,2.12,2,3.03,4.9,NA,0.54
"47-5042","Mine Cutting and Channeling Machine Operators",0,2.75,3.25,2.12,2.12,2.13,2.25,3.42,4.25,NA,0.59
"47-5051","Rock Splitters, Quarry",0.29,3.12,3.38,2.25,1.62,1.88,2,2.04,1.85,NA,0.96
"47-5061","Roof Bolters, Mining",0.78,2.63,3.75,2.12,1.75,1.75,1.75,3.53,4.47,NA,0.49
"47-5071","Roustabouts, Oil and Gas",0.45,2.88,3,2.25,1.5,2,1.5,3.33,3.78,NA,0.68
"47-5081","Helpers--Extraction Workers",0.21,3.25,3,2.38,2.25,2.5,2.12,3.91,4.14,NA,0.37
"49-1011","First-Line Supervisors of Mechanics, Installers, and Repairers",0.05,3.25,2.62,3.75,3.75,3.75,3.5,4.07,2.09,NA,0.003
"49-2011","Computer, Automated Teller, and Office Machine Repairers",0,3.25,2.88,3,2.38,2.75,2.75,2.91,2.5,NA,0.74
"49-2021","Radio, Cellular, and Tower Equipment Installers and Repairers",0.05,3.88,3.5,2.62,2.12,2.25,2,2.08,2.86,NA,0.93
"49-2021","Radio, Cellular, and Tower Equipment Installers and Repairs",0.05,3.88,3.5,2.62,2.12,2.25,2,2.08,2.86,NA,0.93
"49-2022","Telecommunications Equipment Installers and Repairers, Except Line Installers",0,3.5,3.25,2.62,2.38,2.88,2.88,2.69,3.99,NA,0.36
"49-2091","Avionics Technicians",0,3.63,3.38,3,2.5,2.88,2.62,2.31,2.62,NA,0.7
"49-2092","Electric Motor, Power Tool, and Related Repairers",0.11,4.13,3.88,2.62,2.38,2.75,2.75,1.96,3.29,NA,0.76
"49-2093","Electrical and Electronics Installers and Repairers, Transportation Equipment",0,3.38,3.25,2.88,1.75,2.13,2.5,1.99,3.1,NA,0.91
"49-2094","Electrical and Electronics Repairers, Commercial and Industrial Equipment",0.07,3.88,3.5,2.75,2.5,2.88,2.88,3.04,3.25,NA,0.41
"49-2095","Electrical and Electronics Repairers, Powerhouse, Substation, and Relay",0.58,3.38,3.13,2.75,2.38,2.75,2.25,4.02,2.98,NA,0.38
"49-2096","Electronic Equipment Installers and Repairers, Motor Vehicles",0.27,3.5,3.25,2.88,2.38,2.63,2.38,2.16,4.14,NA,0.61
"49-2097","Electronic Home Entertainment Equipment Installers and Repairers",0.2,3.88,3.25,2.38,2.12,2.88,2.75,2.81,2.36,NA,0.65
"49-2098","Security and Fire Alarm Systems Installers",0.02,3,3,2.75,2.12,2.75,2,1.52,3.23,NA,0.82
"49-3011","Aircraft Mechanics and Service Technicians",0.3,4.13,4.13,2.88,2.38,2.63,2.62,2.57,3.32,NA,0.71
"49-3021","Automotive Body and Related Repairers",0.14,3.38,3.25,2.62,1.88,2.38,1.88,1.88,3.13,NA,0.91
"49-3022","Automotive Glass Installers and Repairers",0.42,3,3,2.5,2.25,2.25,2.5,3.73,4.11,NA,0.55
"49-3023","Automotive Service Technicians and Mechanics",0.005,3.815,3.69,2.25,2.19,2.625,2.625,2.36,4.195,NA,0.59
"49-3031","Bus and Truck Mechanics and Diesel Engine Specialists",0.31,3.75,3.62,2.62,2.25,2.25,2.5,2.51,4.1,NA,0.73
"49-3041","Farm Equipment Mechanics and Service Technicians",0,3.75,3.5,2.5,2.12,2.5,2.38,1.26,4.26,NA,0.75
"49-3042","Mobile Heavy Equipment Mechanics, Except Engines",0,3.88,3.75,2.88,2.12,2.62,2.75,3.04,4.74,NA,0.4
"49-3043","Rail Car Repairers",0.02,3.63,3.5,2.12,2,2.38,2,1.75,3.42,NA,0.88
"49-3051","Motorboat Mechanics and Service Technicians",0.21,3.5,3.25,2.5,1.75,2,2,2.76,4.34,NA,0.66
"49-3052","Motorcycle Mechanics",0.6,3.5,3.63,2.62,2.38,2.63,2.5,3,2.43,NA,0.79
"49-3053","Outdoor Power Equipment and Other Small Engine Mechanics",0.21,3.38,3.13,2.5,2.12,2.38,2.25,1.82,2.98,NA,0.93
"49-3091","Bicycle Repairers",0.01,3.5,3.5,2.5,2.25,2.25,2.25,1.64,2.95,NA,0.94
"49-3092","Recreational Vehicle Service Technicians",0,3.5,3.75,2.75,2.75,2.5,2.62,2.09,4.73,NA,0.59
"49-3093","Tire Repairers and Changers",0.47,3.13,3.25,2.12,2,1.63,1.88,2.5,3.29,NA,0.7
"49-9011","Mechanical Door Repairers",0.2,3.25,3.38,2.5,2.38,2.25,2.75,2.66,2.84,NA,0.91
"49-9012","Control and Valve Installers and Repairers, Except Mechanical Door",0.04,3.13,3.25,2.75,1.62,2.5,1.62,2.37,4.31,NA,0.63
"49-9021","Heating, Air Conditioning, and Refrigeration Mechanics and Installers",0.2,3.44,2.875,2.875,2.25,2.5,2.565,2.425,4.185,NA,0.65
"49-9031","Home Appliance Repairers",0,3.63,3.13,2.75,2,2.13,2.12,3.09,3.78,NA,0.72
"49-9041","Industrial Machinery Mechanics",0.27,3.63,3.75,2.38,1.75,2.63,2.38,2.32,3.71,NA,0.67
"49-9043","Maintenance Workers, Machinery",0.09,3.13,3.13,2.38,1.62,2.25,1.88,2.04,3.54,NA,0.86
"49-9044","Millwrights",0.22,3.5,3.62,2.62,2.75,2.62,2.75,2.69,4.09,NA,0.59
"49-9045","Refractory Materials Repairers, Except Brickmasons",0.02,3.13,3.25,2.38,1.88,1.88,1.75,1.9,3.62,NA,0.82
"49-9051","Electrical Power-Line Installers and Repairers",0.06,3.5,3.38,2.88,2.5,3,3,4.4,2.69,NA,0.097
"49-9052","Telecommunications Line Installers and Repairers",0.12,3.13,3.13,2.75,2.38,2.5,2.5,3.33,4.13,NA,0.49
"49-9061","Camera and Photographic Equipment Repairers",1.36,4.13,3,2.5,1.62,2.63,2.25,1.77,1.65,NA,0.97
"49-9062","Medical Equipment Repairers",0.11,4,3.62,2.75,2.62,3,3.25,2.91,3.19,NA,0.27
"49-9063","Musical Instrument Repairers and Tuners",2.97,4.38,3.88,2.75,2.75,2.88,2.88,1.3,2.07,NA,0.91
"49-9064","Watch Repairers",0.3,4.88,3.12,2.5,1.25,2.5,1.75,1.39,1.29,NA,0.99
"49-9071","Maintenance and Repair Workers, General",0.25,3.5,3.38,2.5,1.75,2.12,1.62,4.17,3.2,NA,0.64
"49-9091","Coin, Vending, and Amusement Machine Servicers and Repairers",0,3.38,3,2.62,1.75,2.25,2,1.94,2.84,NA,0.94
"49-9092","Commercial Divers",0,3.5,3.38,2.75,2.5,3,2.5,3.27,3.51,NA,0.18
"49-9093","Fabric Menders, Except Garment",0.56,3.62,3.5,2.12,1.88,1.88,2.12,1.4,1.79,NA,0.96
"49-9094","Locksmiths and Safe Repairers",0.09,3.75,2.88,2.12,1.75,2.38,2,2.7,3.65,NA,0.77
"49-9095","Manufactured Building and Mobile Home Installers",1.2,3.5,3.5,2.75,2.75,2.88,3,3.75,3.93,NA,0.18
"49-9096","Riggers",0.1,2.75,3.25,2,1.88,2.25,2.25,1.71,3.48,NA,0.89
"49-9097","Signal and Track Switch Repairers",0.08,3.63,3.38,2.25,1.75,2.13,2.12,2.36,2.99,NA,0.9
"49-9098","Helpers--Installation, Maintenance, and Repair Workers",0.23,3.12,3,2.25,1.5,2,1.88,3.03,3.41,NA,0.79
"49-9099","Installation, Maintenance, and Repair Workers, All Other",0.06,3,3,2,1.88,2.75,2.25,3.43,3.09,NA,NA
"51-1011","First-Line Supervisors of Production and Operating Workers",0,3,2.88,3.75,3.12,3.5,3.12,3.76,1.52,NA,0.016
"51-2011","Aircraft Structure, Surfaces, Rigging, and Systems Assemblers",0.01,3.75,3.5,2.38,1.88,2.5,2.12,1.77,3.83,NA,0.79
"51-2021","Coil Winders, Tapers, and Finishers",0,3.13,3,2.5,1.62,1.38,1.75,1.98,1.89,NA,0.73
"51-2022","Electrical and Electronic Equipment Assemblers",0.02,3.75,3.63,2.88,2.5,2.25,2.38,2.06,2.62,1,0.95
"51-2023","Electromechanical Equipment Assemblers",0.74,3.63,3.5,2.12,2,2.13,2,2.1,2.12,NA,0.97
"51-2031","Engine and Other Machine Assemblers",0,3.38,3.25,2.25,1.75,1.75,1.88,1.84,3.28,NA,0.82
"51-2041","Structural Metal Fabricators and Fitters",0,2.75,3.25,2.38,1.5,0.5,2,1.55,2.47,NA,0.41
"51-2091","Fiberglass Laminators and Fabricators",0.2,3.13,3.38,2.38,2.38,2.38,2.5,2.54,2.6,NA,0.93
"51-2092","Team Assemblers",0,3.12,2.88,2.5,1.62,1.88,2.25,1.45,1.61,NA,0.97
"51-2093","Timing Device Assemblers and Adjusters",0,4.75,3.25,2.38,0.88,2.25,1.88,1.4,1.77,NA,0.98
"51-3011","Bakers",0.71,2.88,2.75,2.5,1.75,2.63,1.88,3.03,1.69,NA,0.89
"51-3021","Butchers and Meat Cutters",0,2.5,3.13,2.62,3,2.13,2.75,2.81,2.36,NA,0.93
"51-3022","Meat, Poultry, and Fish Cutters and Trimmers",0.06,2.5,2.38,2.25,2.12,1.75,1.88,1.06,1.58,NA,0.94
"51-3023","Slaughterers and Meat Packers",0.24,3.13,3.13,1.88,1.5,1.25,1.38,2.47,1.62,NA,0.6
"51-3091","Food and Tobacco Roasting, Baking, and Drying Machine Operators and Tenders",0,2.75,3,2.38,2,2,2.25,2.06,3.03,NA,0.91
"51-3092","Food Batchmakers",0.32,2.38,3,2.75,1.62,1.5,1.62,2.43,2.48,NA,0.7
"51-3093","Food Cooking Machine Operators and Tenders",0,2.38,2.62,2.5,1.62,1.38,1.38,2.89,2.41,NA,0.61
"51-4011","Computer-Controlled Machine Tool Operators, Metal and Plastic",0.44,3.5,3.63,2.62,2,2.75,2.5,2.59,2.08,1,0.86
"51-4012","Computer Numerically Controlled Machine Tool Programmers, Metal and Plastic",0,3,2.5,2.75,2.38,3.13,2.5,2.55,2.1,NA,0.36
"51-4021","Extruding and Drawing Machine Setters, Operators, and Tenders, Metal and Plastic",1.42,3.25,3,2.38,1.88,2,2.25,2.93,2.4,NA,0.91
"51-4022","Forging Machine Setters, Operators, and Tenders, Metal and Plastic",0,3,3,2.25,1.75,1.88,2.12,1.81,2.42,NA,0.93
"51-4023","Rolling Machine Setters, Operators, and Tenders, Metal and Plastic",0,3.5,3.38,2.38,1.88,2.25,2.12,2.77,3.31,NA,0.83
"51-4031","Cutting, Punching, and Press Machine Setters, Operators, and Tenders, Metal and Plastic",0.12,3.38,3.38,2.25,2.5,1.5,2.5,1.73,2.11,NA,0.78
"51-4032","Drilling and Boring Machine Tool Setters, Operators, and Tenders, Metal and Plastic",0.06,3.5,3.13,2.25,1.62,1.75,1.88,1.48,1.74,NA,0.94
"51-4033","Grinding, Lapping, Polishing, and Buffing Machine Tool Setters, Operators, and Tenders, Metal and Plastic",0.3,3.38,3.38,2.25,1.75,2.13,1.88,2.3,2.37,NA,0.95
"51-4034","Lathe and Turning Machine Tool Setters, Operators, and Tenders, Metal and Plastic",0.02,3.25,2.88,2.25,1.25,1.63,1.5,1.75,2.42,NA,0.84
"51-4035","Milling and Planing Machine Setters, Operators, and Tenders, Metal and Plastic",0,3.38,3.13,2.25,1.5,2.25,1.88,1.98,1.96,NA,0.98
"51-4041","Machinists",0.48,3.62,3.38,2.75,2.12,3.12,2.5,1.73,1.63,NA,0.65
"51-4051","Metal-Refining Furnace Operators and Tenders",0.03,2.88,3.25,2.25,1.5,1.75,1.75,2.12,2.54,NA,0.88
"51-4052","Pourers and Casters, Metal",0.06,2.88,3,2.25,1.75,1.88,1.88,3.11,2.48,NA,0.87
"51-4061","Model Makers, Metal and Plastic",0.04,3.13,3.5,2.88,1.62,2.63,2.38,2.52,1.77,NA,0.93
"51-4062","Patternmakers, Metal and Plastic",0,3.25,2.88,2.62,1.75,2.5,2,2.3,2.77,NA,0.9
"51-4071","Foundry Mold and Coremakers",0.06,3.38,3.75,2.12,1.62,1.38,1.75,1.21,3.08,NA,0.67
"51-4072","Molding, Coremaking, and Casting Machine Setters, Operators, and Tenders, Metal and Plastic",0,3.13,3.13,2,1.5,1.88,1.62,1.16,2.11,NA,0.95
"51-4081","Multiple Machine Tool Setters, Operators, and Tenders, Metal and Plastic",0,3.38,3.38,2.38,2,2.38,2.25,2.23,2.94,NA,0.91
"51-4111","Tool and Die Makers",0.17,3.38,3,2,1.38,2.88,1.62,2.49,1.58,NA,0.84
"51-4121","Welders, Cutters, Solderers, and Brazers",0.34,3.315,3.065,2.375,1.75,2.19,2,2.985,2.07,NA,0.94
"51-4122","Welding, Soldering, and Brazing Machine Setters, Operators, and Tenders",0.09,3.25,3.13,2.38,2,1.25,2.12,1.28,2.56,NA,0.61
"51-4191","Heat Treating Equipment Setters, Operators, and Tenders, Metal and Plastic",0.44,2.88,3.25,2.75,1.88,1.88,2.25,2.53,2.42,NA,0.91
"51-4192","Layout Workers, Metal and Plastic",0,3.13,3.13,2.5,2.12,2.38,2,2.92,3.03,NA,0.84
"51-4193","Plating and Coating Machine Setters, Operators, and Tenders, Metal and Plastic",0,2.88,3.13,2.38,2.12,1.75,2.25,1.88,1.98,NA,0.92
"51-4194","Tool Grinders, Filers, and Sharpeners",0,3.63,3.5,2,2,1.88,2.25,3.23,2.14,NA,0.88
"51-5111","Prepress Technicians and Workers",2.35,2.63,2.63,2.75,2.38,2.63,2.38,1.92,1.49,NA,0.97
"51-5112","Printing Press Operators",0.03,3.62,3.12,2.88,2.25,2.62,2.5,2.14,3.18,NA,0.83
"51-5113","Print Binding and Finishing Workers",0.64,3.12,3.12,2.21,1.83,1.88,2.04,1.57,2.17,NA,0.95
"51-6011","Laundry and Dry-Cleaning Workers",1.32,2.63,2.38,2.38,1.62,1.38,1.5,2.25,1.92,NA,0.71
"51-6021","Pressers, Textile, Garment, and Related Materials",0.68,3,3,2.12,1.5,1.5,1.62,0.88,1.62,NA,0.81
"51-6031","Sewing Machine Operators",0.19,3.13,3,2.25,2,1.63,1.88,1.95,1.42,1,0.89
"51-6041","Shoe and Leather Workers and Repairers",0.55,3,3,2.25,1.38,0.88,2.12,1.35,1.59,NA,0.52
"51-6042","Shoe Machine Operators and Tenders",1.12,3.38,3.13,1.88,1.25,1.88,1.62,2.14,1.27,NA,0.97
"51-6051","Sewers, Hand",2.48,4.25,3.75,2,2,2.38,1.88,1.48,1.37,NA,0.99
"51-6052","Tailors, Dressmakers, and Custom Sewers",0.66,3.75,3,2.62,2.25,2.63,2.12,2.97,2.18,NA,0.84
"51-6061","Textile Bleaching and Dyeing Machine Operators and Tenders",0.86,3.25,2.88,2.38,1.62,2.13,1.88,2.53,1.78,NA,0.97
"51-6062","Textile Cutting Machine Setters, Operators, and Tenders",0.04,3.13,3.25,2,1.88,2.13,2,3.45,1.13,NA,0.95
"51-6063","Textile Knitting and Weaving Machine Setters, Operators, and Tenders",0.26,3.63,3.13,1.88,1.38,1.5,1.75,1.43,2.83,NA,0.73
"51-6064","Textile Winding, Twisting, and Drawing Out Machine Setters, Operators, and Tenders",0.09,3.75,3.38,2.25,2.12,2,2.12,2.16,2.17,NA,0.96
"51-6091","Extruding and Forming Machine Setters, Operators, and Tenders, Synthetic and Glass Fibers",0.25,3.25,3,2.62,2.12,2.25,2.38,3.04,2.8,NA,0.88
"51-6092","Fabric and Apparel Patternmakers",0.34,3.38,2.88,2.62,2.5,4,2.5,3.43,1.46,NA,0.0049
"51-6093","Upholsterers",0.19,4,3.75,2.38,1.88,3.13,2.5,2.45,2.06,NA,0.39
"51-7011","Cabinetmakers and Bench Carpenters",0.23,4,4,2.62,2,2.63,2.12,1.46,2.69,NA,0.92
"51-7021","Furniture Finishers",0,3.25,3.63,2.5,2,2.63,2.12,1.31,3.36,NA,0.87
"51-7031","Model Makers, Wood",0.76,3.63,3.25,2.5,1.88,2.75,1.88,1.7,1.67,NA,0.96
"51-7032","Patternmakers, Wood",0.2,3.5,3.75,2.5,1.62,2.38,2,2.42,2.81,NA,0.91
"51-7041","Sawing Machine Setters, Operators, and Tenders, Wood",0.03,3,3,2.5,1.75,1.75,1.62,2.49,2.5,NA,0.86
"51-7042","Woodworking Machine Setters, Operators, and Tenders, Except Sawing",0.04,3.13,3.38,2.62,1.62,2.13,2,2.34,2.09,NA,0.97
"51-8011","Nuclear Power Reactor Operators",0.12,2.88,2,3.12,2.75,2.62,2.88,1.77,2.41,NA,0.95
"51-8012","Power Distributors and Dispatchers",0,2.63,1.5,3.12,2.88,3,2.75,2.51,1.81,NA,0.64
"51-8013","Power Plant Operators",0,2.63,3,2.75,1.88,2.63,2,2.51,2.56,NA,0.85
"51-8021","Stationary Engineers and Boiler Operators",0.35,2.88,3,2.38,2.12,2,2.12,2.22,3.12,NA,0.89
"51-8031","Water and Wastewater Treatment Plant and System Operators",0.05,2.62,2.75,2.75,2.12,2.38,2.25,3.82,3.35,NA,0.61
"51-8091","Chemical Plant and System Operators",0.11,3,2.88,2.5,2.12,2.38,2.25,3,2.86,NA,0.85
"51-8092","Gas Plant Operators",0,3,2.75,2.62,2.62,2.5,2.5,2.8,3.2,NA,0.78
"51-8093","Petroleum Pump System Operators, Refinery Operators, and Gaugers",0.07,2.88,3,2.62,2.5,2.63,2.38,2.68,3.23,NA,0.71
"51-8099","Plant and System Operators, All Other",0.2,3.12,3,2.88,2.38,2.38,2.62,2.97,2.87,NA,0.86
"51-9011","Chemical Equipment Operators and Tenders",0,3,3,2.88,1.88,2.5,2.25,3.46,2.69,NA,0.76
"51-9012","Separating, Filtering, Clarifying, Precipitating, and Still Machine Setters, Operators, and Tenders",0.16,3.13,2.75,2.62,2,2,2.38,2.43,3.11,NA,0.88
"51-9021","Crushing, Grinding, and Polishing Machine Setters, Operators, and Tenders",0.68,3.38,3.25,2.75,1.88,2.38,2.62,2.36,1.93,NA,0.97
"51-9022","Grinding and Polishing Workers, Hand",0.31,3.63,3.25,2.38,2,2.25,1.88,2.82,1.54,NA,0.97
"51-9023","Mixing and Blending Machine Setters, Operators, and Tenders",0.15,3,3.5,2.75,2.25,1.88,2.38,2.68,3.16,NA,0.83
"51-9031","Cutters and Trimmers, Hand",1.56,3.25,3.13,2.5,1.75,1.25,1.62,1.83,1.8,NA,0.64
"51-9032","Cutting and Slicing Machine Setters, Operators, and Tenders",0.07,3.63,3.25,2.62,1.62,2,1.75,2.81,3.03,NA,0.86
"51-9041","Extruding, Forming, Pressing, and Compacting Machine Setters, Operators, and Tenders",0.02,3.38,3.25,2,1.88,2.13,2,2.13,2.78,NA,0.93
"51-9051","Furnace, Kiln, Oven, Drier, and Kettle Operators and Tenders",0,2.63,2.75,2.38,1.75,0.88,1.38,2.44,3.44,NA,0.37
"51-9061","Inspectors, Testers, Sorters, Samplers, and Weighers",0.08,3,2.75,2.25,1.5,2,2.12,2.06,1.68,NA,0.98
"51-9071","Jewelers and Precious Stone and Metal Workers",1.66,4.62666666666667,3.54666666666667,2.33333333333333,2.33666666666667,2.87333333333333,2.79333333333333,1.37666666666667,1.24666666666667,NA,0.95
"51-9081","Dental Laboratory Technicians",1.26,4.38,3.25,2.38,1.75,2.62,1.88,2.48,1.24,NA,0.97
"51-9082","Medical Appliance Technicians",0.42,3.63,3.13,3.12,2.12,2.88,2.38,4.21,1.38,NA,0.45
"51-9083","Ophthalmic Laboratory Technicians",0,3.75,3.88,2.12,2,2.5,2.25,2.65,1.16,NA,0.97
"51-9111","Packaging and Filling Machine Operators and Tenders",0,3.5,3.5,2.5,2.12,2.25,2.12,2.22,1.66,NA,0.98
"51-9121","Coating, Painting, and Spraying Machine Setters, Operators, and Tenders",0.22,3.38,3.38,2.25,1.88,2.38,2.25,2.37,2.86,NA,0.91
"51-9122","Painters, Transportation Equipment",0.2,3.38,3.25,2.38,1.75,1.63,1.88,2.17,3.52,NA,0.69
"51-9123","Painting, Coating, and Decorating Workers",3.02,3,2.75,2.62,1.75,1.75,2,1.54,2.1,NA,0.92
"51-9141","Semiconductor Processors",0.1,3.63,3.13,2.75,1.88,2.13,2.12,3.18,2.69,NA,0.88
"51-9151","Photographic Process Workers and Processing Machine Operators",2.02,2.88,2.81,2.38,2,2.38,2.31,1.94,1.38,NA,0.99
"51-9191","Adhesive Bonding Machine Operators and Tenders",0.04,3,3.13,2.38,1.88,1.88,2.38,1.78,2.08,NA,0.95
"51-9192","Cleaning, Washing, and Metal Pickling Equipment Operators and Tenders",0.14,2.88,2.75,2,1.62,1.75,1.75,2.94,2.67,NA,0.81
"51-9193","Cooling and Freezing Equipment Operators and Tenders",0.02,2.88,3.13,2.38,1.88,2.25,2.12,2.06,3.01,NA,0.93
"51-9194","Etchers and Engravers",0.74,3.63,3.38,2.12,1.38,2.38,1.88,2.48,1.19,NA,0.98
"51-9195","Molders, Shapers, and Casters, Except Metal and Plastic",2.35,3.315,3.595,2.655,1.78,2.7225,2.125,2.01,2.29,NA,0.9
"51-9196","Paper Goods Machine Setters, Operators, and Tenders",0.33,3,2.88,2.5,1.62,2.13,1.62,3.39,3.88,NA,0.67
"51-9197","Tire Builders",0.21,3.13,3.5,2,1.88,1.88,1.75,1.61,2.3,NA,0.94
"51-9198","Helpers--Production Workers",0.01,2.88,3,2.38,1.25,1.38,1.12,1.92,2.74,NA,0.66
"51-9199","Production Workers, All Other",0.59,3.12,3.38,2.62,1.5,1.88,1.5,2.2,2.49,NA,NA
"53-1011","Aircraft Cargo Handling Supervisors",0,2.75,3.13,3.12,2.88,3.25,2.62,3.42,3,NA,0.066
"53-1021","First-Line Supervisors of Helpers, Laborers, and Material Movers, Hand",0.23,2.5,2.5,3.5,3.62,3.13,3.5,2.28,2.09,NA,0.42
"53-1031","First-Line Supervisors of Transportation and Material-Moving Machine and Vehicle Operators",0,2.5,2.25,3.38,3.38,3.5,3.5,3.18,1.66,NA,0.029
"53-2011","Airline Pilots, Copilots, and Flight Engineers",0.84,3.12,3.12,3.38,2.75,3.12,2.75,2.69,3.29,NA,0.18
"53-2012","Commercial Pilots",0.07,3.13,3.13,3,2.75,2.88,3.12,2.5,3.15,NA,0.55
"53-2021","Air Traffic Controllers",0.21,3,2.38,3.38,2.38,3.63,3,1.57,1.39,NA,0.11
"53-2022","Airfield Operations Specialists",0.22,2.25,2.25,3,3,2.88,3,3.03,1.79,NA,0.71
"53-2031","Flight Attendants",0.47,2.62,2.62,3.25,2.62,2,2.75,4.98,4.26,0,0.35
"53-3011","Ambulance Drivers and Attendants, Except Emergency Medical Technicians",0.03,2.88,3.25,2.88,2.75,2.5,2.62,5.76,2.71,NA,0.25
"53-3021","Bus Drivers, Transit and Intercity",0.26,2.38,2.38,2.25,1.88,1.88,1.88,4.43,2.53,1,0.67
"53-3022","Bus Drivers, School or Special Client",0.11,2.62,2.25,2.88,2.25,2,2.5,3.36,2.27,NA,0.89
"53-3031","Driver/Sales Workers",0.03,2.75,2.75,2.5,2.88,2.25,2.88,2.29,1.75,NA,0.98
"53-3032","Heavy and Tractor-Trailer Truck Drivers",0.75,3,3.12,2.38,1.88,2,2.25,2.62,3.71,NA,0.79
"53-3033","Light Truck or Delivery Services Drivers",0,2.38,3,2.25,1.88,1.63,1.88,2.41,3.45,1,0.69
"53-3041","Taxi Drivers and Chauffeurs",0.14,2.88,2.88,2.88,2.25,2.25,2,3.88,1.55,1,0.89
"53-4011","Locomotive Engineers",0,2.75,2.88,2.5,2.38,2.13,2.25,2.23,2.25,NA,0.96
"53-4012","Locomotive Firers",0.05,2.75,3.38,2.62,2.12,2.12,2.12,2.15,2.85,NA,0.93
"53-4013","Rail Yard Engineers, Dinkey Operators, and Hostlers",0.18,2.38,2.88,2.25,1.75,2.13,1.88,2.61,2.79,NA,0.91
"53-4021","Railroad Brake, Signal, and Switch Operators",0.04,3,3,2.12,1.75,2.13,2.12,2.52,3.57,NA,0.83
"53-4031","Railroad Conductors and Yardmasters",0.17,2.5,2.5,3.12,2.12,2.63,2.5,2.23,2.96,NA,0.83
"53-4041","Subway and Streetcar Operators",0.17,2.63,3,2.62,2.25,1.88,2.25,3.39,2.22,NA,0.86
"53-5011","Sailors and Marine Oilers",0.02,3,3.13,2.75,2.5,2.38,2.5,2.67,3.31,NA,0.83
"53-5021","Captains, Mates, and Pilots of Water Vessels",0.00666666666666667,2.92,2.92,3.08666666666667,2.75333333333333,2.92,2.79,3.69666666666667,2.87,NA,0.27
"53-5022","Motorboat Operators",0,3.25,3.25,2.88,2.38,2.5,2.25,3.98,2.75,1,0.62
"53-5031","Ship Engineers",0,3.38,3.25,2.88,2,3.13,2,4.08,3.93,NA,0.041
"53-6011","Bridge and Lock Tenders",0.21,2.5,2.5,2.38,2.25,2,2.38,2.81,1.38,NA,0.97
"53-6021","Parking Lot Attendants",0,2.63,2.5,2.25,2.62,2.25,2.38,3.85,1.82,1,0.87
"53-6031","Automotive and Watercraft Service Attendants",0.08,3,2.88,2.25,2.38,1.63,2.25,2.07,2.37,NA,0.83
"53-6041","Traffic Technicians",0.04,2.5,2.12,2.75,2.75,3,3,2.02,1.72,NA,0.9
"53-6051","Transportation Inspectors",0.46,2.79,2.58333333333333,3.04,2.29333333333333,2.33666666666667,2.46,2.38666666666667,3.03,NA,0.9
"53-6061","Transportation Attendants, Except Flight Attendants",1.34,2.5,2.5,3.12,2.38,2.25,2.5,4.39,2.09,NA,0.75
"53-7011","Conveyor Operators and Tenders",0.01,3.13,3.13,2.62,2.25,2.13,2.38,1.33,3.07,NA,0.93
"53-7021","Crane and Tower Operators",0.05,3,3.25,1.88,1.75,1.88,1.88,1.86,2.92,NA,0.9
"53-7031","Dredge Operators",0.15,2.88,2.88,2.38,1.88,1.75,2,1.75,2.13,NA,0.92
"53-7032","Excavating and Loading Machine and Dragline Operators",0.15,3.25,3.38,2.5,2.12,2,2.5,2.01,2.61,NA,0.94
"53-7033","Loading Machine Operators, Underground Mining",0,2.88,3.5,2.25,1.88,1.25,1.88,1.62,4.06,NA,0.5
"53-7041","Hoist and Winch Operators",0.09,2.75,2.75,2.25,2.12,2.13,2.25,3.1,4.2,NA,0.65
"53-7051","Industrial Truck and Tractor Operators",0.14,3,3.38,2.12,1.5,1.88,2,1.81,2.43,1,0.93
"53-7061","Cleaners of Vehicles and Equipment",0.81,1.75,2.63,1.88,1.12,0.88,0.88,2.87,2.49,NA,0.37
"53-7062","Laborers and Freight, Stock, and Material Movers, Hand",0.39,2.88,3.38,2.38,2.12,1.88,2,2.49,3.13,NA,0.85
"53-7063","Machine Feeders and Offbearers",0.85,3.25,3.25,2.25,1.75,1.75,1.75,1.98,1.79,NA,0.93
"53-7064","Packers and Packagers, Hand",0.6,2.62,3.5,1.62,1,1,1,3.58,1.73,NA,0.38
"53-7071","Gas Compressor and Gas Pumping Station Operators",0,3.25,3,2.25,1.88,2.25,2,2.73,2.76,NA,0.91
"53-7072","Pump Operators, Except Wellhead Pumpers",0,3,3.13,2.12,1.88,2.13,2.38,2.39,3,NA,0.9
"53-7073","Wellhead Pumpers",0.01,2.88,3.25,2.25,0.88,1.75,1.38,2.62,2.64,NA,0.84
"53-7081","Refuse and Recyclable Material Collectors",0,2.25,2.88,2.25,2.12,2,2.12,2.45,2.51,NA,0.93
"53-7111","Mine Shuttle Car Operators",0.06,1.63,3,2.12,1.25,1.38,1.25,3.68,4.35,NA,0.37
"53-7121","Tank Car, Truck, and Ship Loaders",0,2.88,3,2.38,2.25,2,2.12,3.66,3.29,NA,0.72
